,recall,precision
0,1.0,0.06022282445046673
1,0.995,0.059939759036144576
2,0.995,0.059957818620066286
3,0.995,0.05997588908981314
4,0.995,0.05999397045523063
5,0.995,0.06001206272617612
6,0.995,0.060030165912518856
7,0.995,0.06004828002414001
8,0.99,0.05976456383942046
9,0.99,0.059782608695652176
10,0.99,0.059800664451827246
11,0.99,0.05981873111782477
12,0.985,0.0595346025989725
13,0.985,0.05955259975816203
14,0.985,0.0595706078016329
15,0.985,0.05958862673926195
16,0.98,0.059304084720121025
17,0.98,0.059322033898305086
18,0.98,0.05933999394489858
19,0.98,0.059357964869775896
20,0.98,0.05937594668282339
21,0.98,0.059393939393939395
22,0.98,0.059411943013034256
23,0.98,0.05942995755003032
24,0.98,0.059447983014861996
25,0.98,0.05946601941747573
26,0.98,0.059484066767830045
27,0.975,0.05919854280510018
28,0.975,0.059216519890677194
29,0.97,0.058930741190765495
30,0.97,0.05894864782740808
31,0.97,0.05896656534954407
32,0.97,0.058984493767102464
33,0.97,0.05900243309002433
34,0.965,0.05871615454822026
35,0.965,0.058734023128423615
36,0.965,0.05875190258751903
37,0.965,0.05878769418215047
38,0.965,0.05880560633759903
39,0.965,0.058823529411764705
40,0.965,0.05884146341463414
41,0.965,0.058859408356206164
42,0.965,0.05889533109551419
43,0.965,0.05891330891330891
44,0.965,0.05893129770992366
45,0.965,0.05894929749541845
46,0.965,0.058967308279865564
47,0.965,0.058985330073349634
48,0.965,0.059003362885967595
49,0.965,0.05902140672782875
50,0.965,0.05903946160905476
51,0.965,0.059057527539779685
52,0.965,0.05907560453014998
53,0.965,0.059093692590324556
54,0.965,0.05911179173047473
55,0.965,0.05912990196078431
56,0.965,0.05914802329144959
57,0.965,0.05916615573267934
58,0.965,0.05918429929469488
59,0.965,0.05920245398773006
60,0.965,0.0592206198220313
61,0.965,0.05923879680785758
62,0.965,0.059256984955480506
63,0.965,0.05927518427518427
64,0.965,0.059293394777265744
65,0.965,0.059311616472034416
66,0.965,0.05932984936981248
67,0.965,0.05934809348093481
68,0.965,0.059366348815749
69,0.965,0.05938461538461538
70,0.965,0.05940289319790705
71,0.965,0.05942118226600985
72,0.965,0.059439482599322455
73,0.965,0.059457794208256316
74,0.965,0.05947611710323575
75,0.965,0.0594944512946979
76,0.965,0.05951279679309281
77,0.965,0.059531153608883405
78,0.965,0.05954952175254551
79,0.965,0.0595679012345679
80,0.965,0.0595862920654523
81,0.965,0.0596046942557134
82,0.96,0.05931417979610751
83,0.96,0.059332509270704575
84,0.96,0.059369202226345084
85,0.96,0.05938756572842561
86,0.96,0.0594059405940594
87,0.96,0.059424326833797586
88,0.96,0.05944272445820433
89,0.96,0.05946113347785692
90,0.96,0.05947955390334572
91,0.96,0.05949798574527425
92,0.96,0.059516429014259145
93,0.96,0.059534883720930236
94,0.96,0.05955334987593052
95,0.96,0.059571827489916226
96,0.96,0.0595903165735568
97,0.96,0.05960881713753493
98,0.96,0.05962732919254658
99,0.96,0.05964585274930102
100,0.96,0.05966438781852082
101,0.96,0.05968293441094187
102,0.96,0.05970149253731343
103,0.96,0.059720062208398136
104,0.96,0.059738643434972
105,0.96,0.059757236227824466
106,0.96,0.05977584059775841
107,0.96,0.05979445655559016
108,0.96,0.059813084112149535
109,0.96,0.05983172327827984
110,0.955,0.05953865336658354
111,0.955,0.05955721858434674
112,0.955,0.05957579538365564
113,0.955,0.05959438377535101
114,0.955,0.05961298377028714
115,0.955,0.059631595379331874
116,0.955,0.05965021861336665
117,0.955,0.059668853483286474
118,0.955,0.05970615817442951
119,0.955,0.059724828017510945
120,0.95,0.059430716296528
121,0.95,0.05944931163954944
122,0.95,0.0594679186228482
123,0.95,0.059486537257357544
124,0.95,0.05952380952380952
125,0.95,0.059542463177687244
126,0.95,0.05956112852664577
127,0.95,0.05957980558168705
128,0.945,0.059284818067754076
129,0.945,0.059303420144336365
130,0.945,0.059322033898305086
131,0.945,0.05934065934065934
132,0.945,0.05935929648241206
133,0.945,0.05937794533459001
134,0.945,0.05939660590823381
135,0.945,0.05941527821439799
136,0.945,0.059433962264150944
137,0.945,0.059452658068575026
138,0.945,0.05947136563876652
139,0.945,0.059490084985835696
140,0.945,0.0595088161209068
141,0.945,0.05952755905511811
142,0.945,0.05954631379962193
143,0.945,0.05956508036558462
144,0.945,0.059583858764186634
145,0.945,0.059602649006622516
146,0.945,0.05962145110410095
147,0.945,0.05964026506784475
148,0.945,0.05965909090909091
149,0.945,0.05967792863909062
150,0.94,0.05938092229943146
151,0.94,0.059399684044233805
152,0.935,0.059102402022756004
153,0.935,0.059121087575086946
154,0.935,0.05913978494623656
155,0.935,0.0591584941474217
156,0.935,0.05917721518987342
157,0.93,0.05887939221272555
158,0.93,0.05889803673210893
159,0.93,0.05891669306303453
160,0.93,0.058935361216730035
161,0.93,0.0589540412044374
162,0.93,0.05897273303741281
163,0.93,0.058991436726926735
164,0.93,0.05901015228426396
165,0.93,0.05902887972072358
166,0.93,0.05904761904761905
167,0.93,0.05906637027627818
168,0.93,0.0590851334180432
169,0.93,0.05910390848427073
170,0.93,0.05912269548633185
171,0.93,0.059141494435612084
172,0.93,0.05916030534351145
173,0.93,0.05917912822144448
174,0.93,0.05919796308084023
175,0.93,0.05921680993314231
176,0.93,0.05923566878980892
177,0.93,0.05925453966231284
178,0.93,0.05927342256214149
179,0.93,0.05929231750079694
180,0.93,0.05931122448979592
181,0.93,0.05933014354066986
182,0.93,0.059349074664964904
183,0.93,0.05936801787424194
184,0.93,0.05938697318007663
185,0.93,0.0594059405940594
186,0.93,0.05942492012779553
187,0.93,0.059443911792905084
188,0.925,0.05914322250639386
189,0.925,0.059162136232811004
190,0.925,0.05918106206014075
191,0.925,0.0592
192,0.925,0.05921895006402049
193,0.925,0.05923791226384886
194,0.925,0.0592568866111467
195,0.925,0.059275873117590513
196,0.925,0.05929487179487179
197,0.925,0.05931388265469702
198,0.925,0.05933290570878769
199,0.925,0.059351940968880336
200,0.925,0.05937098844672657
201,0.925,0.0593900481540931
202,0.925,0.05940912010276172
203,0.925,0.05942820430452939
204,0.925,0.059447300771208224
205,0.925,0.05946640951462552
206,0.925,0.0594855305466238
207,0.925,0.05950466387906079
208,0.92,0.059202059202059204
209,0.915,0.05889925973607982
210,0.91,0.05859626529298133
211,0.91,0.05861513687600644
212,0.91,0.0586340206185567
213,0.91,0.058652916532388015
214,0.91,0.05867182462927144
215,0.91,0.05869074492099323
216,0.91,0.05870967741935484
217,0.91,0.058728622136172956
218,0.91,0.05874757908327954
219,0.91,0.0587665482725218
220,0.91,0.05878552971576227
221,0.91,0.05880452342487884
222,0.91,0.058823529411764705
223,0.91,0.058842547688328486
224,0.91,0.05886157826649418
225,0.91,0.05888062115820123
226,0.91,0.05889967637540453
227,0.91,0.05891874393007446
228,0.91,0.05893782383419689
229,0.91,0.05895691609977324
230,0.91,0.058995137763371154
231,0.91,0.05901426718547341
232,0.91,0.05903340901719105
233,0.91,0.05905256327060351
234,0.91,0.05907172995780591
235,0.91,0.05909090909090909
236,0.91,0.059110100682039625
237,0.91,0.05912930474333983
238,0.91,0.05914852128696783
239,0.91,0.05916775032509753
240,0.905,0.05886178861788618
241,0.905,0.058880936890045546
242,0.905,0.0589000976244712
243,0.905,0.058919270833333336
244,0.905,0.058938456528817976
245,0.905,0.058957654723127036
246,0.905,0.05897686542847833
247,0.905,0.05899608865710561
248,0.905,0.05901532442125856
249,0.905,0.05903457273320287
250,0.905,0.05905383360522023
251,0.905,0.05907310704960835
252,0.905,0.059092393078681034
253,0.9,0.05878510777269758
254,0.9,0.05880431231623652
255,0.9,0.058823529411764705
256,0.895,0.05851585485452762
257,0.895,0.05853499018966645
258,0.895,0.058554138043833824
259,0.895,0.058573298429319375
260,0.895,0.05859247135842881
261,0.895,0.058611656843483954
262,0.895,0.0586308548968228
263,0.895,0.058650065530799475
264,0.895,0.058669288757784335
265,0.895,0.05868852459016394
266,0.895,0.058707773040341096
267,0.895,0.058727034120734906
268,0.895,0.058746307843780765
269,0.895,0.0587655942219304
270,0.895,0.05878489326765189
271,0.895,0.0588042049934297
272,0.895,0.058823529411764705
273,0.895,0.058842866535174225
274,0.895,0.058862216376192045
275,0.895,0.058881578947368424
276,0.895,0.05890095426127016
277,0.895,0.05892034233048058
278,0.895,0.058939743167599604
279,0.895,0.058959156785243744
280,0.895,0.05897858319604613
281,0.895,0.05899802241265656
282,0.895,0.05901747444774151
283,0.895,0.05903693931398417
284,0.895,0.059056417024084464
285,0.895,0.05907590759075908
286,0.895,0.0590954110267415
287,0.895,0.059114927344782034
288,0.895,0.05913445655764784
289,0.895,0.05915399867812293
290,0.895,0.059173553719008266
291,0.895,0.05919312169312169
292,0.895,0.05921270261329805
293,0.89,0.05890138980807412
294,0.89,0.05892088712346905
295,0.89,0.05894039735099338
296,0.89,0.058959920503477974
297,0.89,0.058979456593770706
298,0.89,0.05899900563473649
299,0.89,0.059018567639257294
300,0.89,0.05903814262023217
301,0.89,0.059057730590577305
302,0.89,0.05907733156322602
303,0.89,0.05909694555112882
304,0.89,0.0591165725672534
305,0.89,0.05913621262458472
306,0.885,0.058823529411764705
307,0.885,0.05884308510638298
308,0.885,0.05886265380778184
309,0.885,0.05888223552894212
310,0.885,0.058901830282861896
311,0.885,0.058941058941058944
312,0.885,0.05896069287141906
313,0.885,0.05898033988670443
314,0.885,0.059
315,0.885,0.05901967322440813
316,0.885,0.0590393595730487
317,0.885,0.05905905905905906
318,0.885,0.059078771695594126
319,0.885,0.05909849749582638
320,0.885,0.05911823647294589
321,0.885,0.05913798864016037
322,0.885,0.05915775401069519
323,0.885,0.05917753259779338
324,0.885,0.059197324414715716
325,0.885,0.05921712947474072
326,0.885,0.05923694779116466
327,0.885,0.059256779377301644
328,0.885,0.05927662424648359
329,0.885,0.0592964824120603
330,0.885,0.05931635388739946
331,0.885,0.059336238685886694
332,0.885,0.059356136820925554
333,0.885,0.0593760483059376
334,0.885,0.059395973154362416
335,0.885,0.059415911379657606
336,0.885,0.059435862995298856
337,0.885,0.05945582801477998
338,0.885,0.059475806451612906
339,0.885,0.05949579831932773
340,0.885,0.05951580363147276
341,0.885,0.05953582240161453
342,0.885,0.05955585464333782
343,0.885,0.05957590037024571
344,0.885,0.05961603233411923
345,0.885,0.05963611859838275
346,0.885,0.05965621840242669
347,0.885,0.05967633175994606
348,0.885,0.0596964586846543
349,0.885,0.0597165991902834
350,0.885,0.059736753290583866
351,0.88,0.05941931127616475
352,0.88,0.05943937858831476
353,0.88,0.05945945945945946
354,0.88,0.05947955390334572
355,0.88,0.05949966193373901
356,0.88,0.059519783564423404
357,0.88,0.05953991880920163
358,0.88,0.05956006768189509
359,0.88,0.05958023019634394
360,0.88,0.059600406366407045
361,0.88,0.05962059620596206
362,0.88,0.05964079972890546
363,0.88,0.059661016949152545
364,0.88,0.05968124788063751
365,0.88,0.05970149253731343
366,0.88,0.05972175093315236
367,0.88,0.05974202308214528
368,0.88,0.059762308998302205
369,0.88,0.059782608695652176
370,0.88,0.05980292218824329
371,0.88,0.05982324949014276
372,0.88,0.059843590615436926
373,0.88,0.05986394557823129
374,0.88,0.05988431439265056
375,0.88,0.059904697072838665
376,0.88,0.0599250936329588
377,0.88,0.05994550408719346
378,0.88,0.059965928449744466
379,0.88,0.060006818956699626
380,0.88,0.06002728512960437
381,0.88,0.06004776526782668
382,0.88,0.060068259385665526
383,0.88,0.060088767497439396
384,0.88,0.06012982576016399
385,0.88,0.06015037593984962
386,0.88,0.06017094017094017
387,0.88,0.060191518467852256
388,0.88,0.06021211084502224
389,0.88,0.06023271731690623
390,0.88,0.060253337897980146
391,0.88,0.06027397260273973
392,0.88,0.06029462144570058
393,0.88,0.06031528444139822
394,0.88,0.06033596160438807
395,0.88,0.06035665294924554
396,0.88,0.06037735849056604
397,0.88,0.060398078242964996
398,0.88,0.06041881222107793
399,0.88,0.06043956043956044
400,0.875,0.0601167983510821
401,0.87,0.05979381443298969
402,0.87,0.05981436919903747
403,0.87,0.05983493810178817
404,0.87,0.05985552115583075
405,0.87,0.05987611837577426
406,0.87,0.059896729776247846
407,0.87,0.05991735537190083
408,0.87,0.059937995177402684
409,0.87,0.05995864920744314
410,0.87,0.05997931747673216
411,0.87,0.06
412,0.87,0.06002069679199724
413,0.87,0.060041407867494824
414,0.87,0.06006213324128409
415,0.87,0.060082872928176795
416,0.87,0.06010362694300518
417,0.87,0.060124395300621976
418,0.87,0.06014517801590045
419,0.87,0.06016597510373444
420,0.87,0.06018678657903839
421,0.87,0.060207612456747404
422,0.87,0.060228452751817235
423,0.87,0.06024930747922438
424,0.865,0.05992379632836855
425,0.865,0.059944559944559946
426,0.865,0.05996533795493934
427,0.865,0.05998613037447989
428,0.865,0.06000693721817551
429,0.865,0.060027758501040945
430,0.865,0.06004859423811177
431,0.865,0.060069444444444446
432,0.865,0.06009030913511636
433,0.865,0.06011118832522585
434,0.865,0.06013208202989225
435,0.865,0.06015299026425591
436,0.865,0.06017391304347826
437,0.865,0.060194850382741825
438,0.865,0.06021580229725026
439,0.865,0.06023676880222841
440,0.865,0.06025774991292233
441,0.865,0.060278745644599306
442,0.865,0.060299756012547924
443,0.865,0.0603207810320781
444,0.865,0.0603418207185211
445,0.865,0.06036287508722959
446,0.865,0.06038394415357766
447,0.865,0.060405027932960896
448,0.865,0.06042612644079637
449,0.865,0.06044723969252271
450,0.865,0.06046836770360014
451,0.865,0.06051066806575726
452,0.865,0.06053184044786564
453,0.865,0.06055302765138257
454,0.865,0.06057422969187675
455,0.865,0.060595446584938706
456,0.865,0.0606166783461808
457,0.865,0.060637924991237296
458,0.865,0.060659186535764374
459,0.865,0.06068046299544019
460,0.865,0.06070175438596491
461,0.865,0.060723060723060725
462,0.865,0.06074438202247191
463,0.865,0.060765718299964876
464,0.865,0.06078706957132818
465,0.865,0.06080843585237258
466,0.865,0.060829817158931085
467,0.865,0.06085121350685895
468,0.865,0.06087262491203378
469,0.865,0.06089405139035551
470,0.865,0.06091549295774648
471,0.865,0.06093694963015146
472,0.865,0.06097990835389496
473,0.865,0.061001410437235545
474,0.865,0.06102292768959436
475,0.865,0.06104446012702894
476,0.865,0.06106600776561948
477,0.865,0.061087570621468926
478,0.865,0.06110914871070293
479,0.865,0.061130742049469965
480,0.865,0.06115235065394132
481,0.865,0.06117397454031118
482,0.865,0.06119561372479661
483,0.865,0.06121726822363765
484,0.86,0.06088495575221239
485,0.86,0.060906515580736544
486,0.86,0.060928090683669854
487,0.86,0.06094968107725018
488,0.86,0.060971286777738394
489,0.86,0.06099290780141844
490,0.86,0.061014544164597374
491,0.86,0.06103619588360539
492,0.86,0.06105786297479588
493,0.86,0.061079545454545456
494,0.86,0.061101243339254
495,0.86,0.06112295664534471
496,0.86,0.06116642958748222
497,0.86,0.06118818925649235
498,0.86,0.06120996441281139
499,0.86,0.06123175507297971
500,0.86,0.06125356125356125
501,0.86,0.06127538297114357
502,0.86,0.06129722024233785
503,0.86,0.061319073083778965
504,0.86,0.06134094151212553
505,0.86,0.06136282554405994
506,0.86,0.06138472519628837
507,0.86,0.06140664048554088
508,0.86,0.06142857142857143
509,0.86,0.06145051804215791
510,0.86,0.061472480343102216
511,0.86,0.061494458348230245
512,0.86,0.06151645207439199
513,0.86,0.06153846153846154
514,0.86,0.06156048675733715
515,0.86,0.06158252774794128
516,0.86,0.06160458452722063
517,0.86,0.06162665711214618
518,0.86,0.06164874551971326
519,0.86,0.06167084976694156
520,0.86,0.06169296987087518
521,0.86,0.0617151058485827
522,0.86,0.06173725771715721
523,0.86,0.06175942549371634
524,0.86,0.0617816091954023
525,0.86,0.06180380883938196
526,0.86,0.06182602444284687
527,0.86,0.061848256023013304
528,0.86,0.0618705035971223
529,0.86,0.061892767182439724
530,0.86,0.0619150467962563
531,0.86,0.061937342455887646
532,0.86,0.06195965417867435
533,0.86,0.06198198198198198
534,0.86,0.06200432588320115
535,0.86,0.062026685899747566
536,0.86,0.06204906204906205
537,0.86,0.06207145434861061
538,0.86,0.06209386281588448
539,0.86,0.062116287468400144
540,0.86,0.06213872832369942
541,0.86,0.06216118539934948
542,0.86,0.06218365871294288
543,0.86,0.06220614828209765
544,0.86,0.06222865412445731
545,0.86,0.062251176257690916
546,0.86,0.062273714699493124
547,0.86,0.06229626946758421
548,0.855,0.06195652173913044
549,0.855,0.06197897789054005
550,0.855,0.062001450326323426
551,0.855,0.062023939064200215
552,0.855,0.06204644412191582
553,0.855,0.06206896551724138
554,0.855,0.06209150326797386
555,0.855,0.06211405739193607
556,0.855,0.062136627906976744
557,0.855,0.062159214830970554
558,0.855,0.06218181818181818
559,0.855,0.06220443797744635
560,0.855,0.06222707423580786
561,0.855,0.06224972697488169
562,0.855,0.06227239621267298
563,0.855,0.06229508196721312
564,0.855,0.06231778425655977
565,0.855,0.062340503098796934
566,0.855,0.06236323851203501
567,0.85,0.062021160160525356
568,0.85,0.06204379562043796
569,0.85,0.062066447608616286
570,0.85,0.0620891161431702
571,0.85,0.062111801242236024
572,0.85,0.062134502923976605
573,0.85,0.062157221206581355
574,0.85,0.06217995610826628
575,0.85,0.06220270764727406
576,0.85,0.06222547584187409
577,0.85,0.062248260710362505
578,0.85,0.06227106227106227
579,0.85,0.062293880542323196
580,0.85,0.062316715542521994
581,0.85,0.06233956729006234
582,0.85,0.06236243580337491
583,0.85,0.062385321100917435
584,0.85,0.06240822320117474
585,0.85,0.06243114212265883
586,0.85,0.06245407788390889
587,0.85,0.06247703050349136
588,0.85,0.0625
589,0.85,0.0625229863920559
590,0.85,0.06254598969830757
591,0.85,0.06256900993743099
592,0.85,0.0625920471281296
593,0.85,0.06261510128913444
594,0.85,0.06263817243920412
595,0.85,0.06266126059712496
596,0.85,0.06268436578171091
597,0.85,0.06270748801180376
598,0.85,0.06273062730627306
599,0.85,0.06275378368401624
600,0.85,0.06277695716395865
601,0.85,0.06280014776505356
602,0.85,0.06282335550628233
603,0.85,0.06284658040665435
604,0.85,0.0628698224852071
605,0.85,0.06289308176100629
606,0.85,0.06291635825314582
607,0.85,0.06293965198074787
608,0.85,0.06296296296296296
609,0.85,0.06298629121897
610,0.85,0.06303299962921764
611,0.85,0.06305637982195846
612,0.85,0.06307977736549165
613,0.85,0.06310319227913883
614,0.85,0.06312662458225028
615,0.85,0.06315007429420505
616,0.85,0.06317354143441099
617,0.85,0.06319702602230483
618,0.85,0.06322052807735218
619,0.85,0.06324404761904762
620,0.85,0.06326758466691478
621,0.85,0.06329113924050633
622,0.85,0.0633147113594041
623,0.85,0.06333830104321908
624,0.85,0.0633619083115915
625,0.85,0.0633855331841909
626,0.85,0.06340917568071615
627,0.85,0.06343283582089553
628,0.85,0.06345651362448675
629,0.85,0.06348020911127707
630,0.85,0.0635039223010833
631,0.85,0.06352765321375187
632,0.85,0.06355140186915888
633,0.85,0.06357516828721017
634,0.85,0.06359895248784138
635,0.85,0.06362275449101797
636,0.85,0.0636465743167353
637,0.845,0.06329588014981273
638,0.845,0.06331959535406519
639,0.845,0.06334332833583209
640,0.845,0.06336707911511061
641,0.845,0.06339084771192798
642,0.845,0.06341463414634146
643,0.845,0.06343843843843844
644,0.845,0.06346226060833646
645,0.845,0.06348610067618332
646,0.845,0.06350995866215708
647,0.84,0.06315789473684211
648,0.84,0.06318164723580294
649,0.84,0.06320541760722348
650,0.84,0.0632292058712834
651,0.84,0.06325301204819277
652,0.835,0.06290018832391714
653,0.835,0.06292388847023361
654,0.835,0.06294760648322653
655,0.835,0.06297134238310709
656,0.83,0.06261788004526593
657,0.83,0.06264150943396227
658,0.83,0.06266515666289166
659,0.83,0.06268882175226587
660,0.83,0.06271250472232716
661,0.83,0.06273620559334846
662,0.83,0.06275992438563327
663,0.83,0.06278366111951589
664,0.83,0.06280741581536133
665,0.83,0.06283118849356548
666,0.825,0.06247633472169633
667,0.825,0.0625
668,0.825,0.06252368321333839
669,0.825,0.06254738438210766
670,0.82,0.062191884717481986
671,0.82,0.0622154779969651
672,0.82,0.06223908918406072
673,0.82,0.06226271829916477
674,0.82,0.06228636536270414
675,0.82,0.06231003039513678
676,0.82,0.06233371341695173
677,0.82,0.0623574144486692
678,0.82,0.062381133510840625
679,0.82,0.0624048706240487
680,0.82,0.0624286258089075
681,0.82,0.062452399086062454
682,0.82,0.06247619047619048
683,0.82,0.0625
684,0.82,0.06252382767823103
685,0.82,0.06254767353165523
686,0.82,0.06257153758107592
687,0.82,0.06259541984732825
688,0.82,0.06261932035127911
689,0.82,0.06264323911382735
690,0.82,0.06266717615590371
691,0.82,0.06269113149847094
692,0.82,0.0627151051625239
693,0.82,0.06273909716908951
694,0.82,0.06276310753922694
695,0.82,0.06278713629402756
696,0.82,0.06281118345461509
697,0.82,0.06283524904214559
698,0.82,0.06285933307780758
699,0.82,0.06288343558282208
700,0.82,0.06290755657844266
701,0.82,0.06293169608595549
702,0.82,0.06295585412667946
703,0.82,0.0629800307219662
704,0.82,0.06300422589320015
705,0.82,0.06302843966179862
706,0.82,0.06305267204921185
707,0.82,0.06307692307692307
708,0.82,0.06310119276644863
709,0.82,0.06312548113933796
710,0.82,0.06314978821717367
711,0.82,0.06317411402157165
712,0.82,0.06319845857418112
713,0.82,0.06322282189668466
714,0.82,0.06324720401079831
715,0.82,0.06327160493827161
716,0.82,0.06329602470088769
717,0.82,0.06332046332046332
718,0.82,0.06334492081884897
719,0.82,0.0633693972179289
720,0.82,0.06339389253962119
721,0.82,0.0634184068058778
722,0.82,0.06344294003868473
723,0.82,0.06346749226006192
724,0.82,0.06349206349206349
725,0.82,0.06351665375677769
726,0.82,0.063541263076327
727,0.82,0.06356589147286822
728,0.82,0.06359053896859247
729,0.82,0.06361520558572537
730,0.82,0.06363989134652696
731,0.82,0.06366459627329192
732,0.82,0.06368932038834951
733,0.82,0.06371406371406371
734,0.82,0.06373882627283327
735,0.82,0.06376360808709176
736,0.82,0.06378840917930766
737,0.82,0.06381322957198443
738,0.82,0.06383806928766057
739,0.82,0.06386292834890965
740,0.82,0.06388780677834048
741,0.82,0.06391270459859703
742,0.82,0.06393762183235867
743,0.82,0.06396255850234009
744,0.82,0.06398751463129146
745,0.82,0.06401249024199844
746,0.82,0.0640374853572823
747,0.82,0.0640625
748,0.82,0.06408753419304415
749,0.82,0.06411258795934324
750,0.82,0.06413766132186155
751,0.82,0.06416275430359937
752,0.82,0.06418786692759296
753,0.82,0.06421299921691465
754,0.82,0.06423815119467294
755,0.82,0.06426332288401254
756,0.82,0.06428851430811447
757,0.82,0.06431372549019608
758,0.82,0.06433895645351118
759,0.82,0.06436420722135008
760,0.82,0.06438947781703966
761,0.82,0.06441476826394343
762,0.82,0.06444007858546169
763,0.815,0.06407232704402516
764,0.815,0.06409752261108927
765,0.815,0.06412273800157356
766,0.815,0.06414797323888233
767,0.815,0.0641732283464567
768,0.815,0.06419850334777472
769,0.815,0.06422379826635145
770,0.815,0.06424911312573907
771,0.815,0.06427444794952682
772,0.815,0.06429980276134123
773,0.815,0.0643251775848461
774,0.815,0.06435057244374259
775,0.815,0.06437598736176935
776,0.815,0.06440142236270249
777,0.815,0.06442687747035573
778,0.815,0.06445235270858046
779,0.815,0.06447784810126582
780,0.815,0.06450336367233875
781,0.815,0.06452889944576405
782,0.815,0.06455445544554456
783,0.815,0.06458003169572107
784,0.815,0.06460562822037257
785,0.815,0.06463124504361618
786,0.815,0.0646568821896073
787,0.815,0.06468253968253969
788,0.815,0.06470821754664549
789,0.815,0.06473391580619539
790,0.815,0.06475963448549861
791,0.815,0.06478537360890302
792,0.815,0.06481113320079523
793,0.815,0.06483691328560064
794,0.815,0.06486271388778353
795,0.815,0.06488853503184713
796,0.815,0.06491437674233373
797,0.815,0.0649402390438247
798,0.815,0.06496612196094062
799,0.815,0.06499202551834131
800,0.815,0.06501794974072597
801,0.815,0.0650438946528332
802,0.815,0.06506986027944112
803,0.815,0.06509584664536741
804,0.815,0.06512185377546943
805,0.815,0.06514788169464429
806,0.815,0.06517393042782887
807,0.815,0.0652
808,0.815,0.06522609043617447
809,0.815,0.06525220176140913
810,0.815,0.06527833400080096
811,0.815,0.06530448717948718
812,0.815,0.06533066132264528
813,0.815,0.06535685645549319
814,0.815,0.06538307260328921
815,0.815,0.06540930979133226
816,0.81,0.06503412284223203
817,0.81,0.06506024096385542
818,0.81,0.06511254019292605
819,0.81,0.06513872135102533
820,0.81,0.06516492357200322
821,0.81,0.06519114688128773
822,0.81,0.06521739130434782
823,0.81,0.06524365686669352
824,0.81,0.0652699435938759
825,0.81,0.06529625151148731
826,0.81,0.06532258064516129
827,0.81,0.0653489310205728
828,0.81,0.06537530266343826
829,0.81,0.06540169559951554
830,0.81,0.0654281098546042
831,0.81,0.06545454545454546
832,0.81,0.06548100242522231
833,0.81,0.06550748079255965
834,0.81,0.06553398058252427
835,0.81,0.06556050182112505
836,0.81,0.06558704453441296
837,0.81,0.06561360874848117
838,0.81,0.06564019448946515
839,0.81,0.06566680178354277
840,0.81,0.06569343065693431
841,0.81,0.06572008113590264
842,0.81,0.06574675324675325
843,0.81,0.06577344701583435
844,0.81,0.06580016246953696
845,0.81,0.065826899634295
846,0.81,0.06585365853658537
847,0.81,0.06588043920292802
848,0.81,0.06590724165988608
849,0.81,0.06593406593406594
850,0.81,0.06596091205211727
851,0.81,0.0659877800407332
852,0.81,0.06601466992665037
853,0.81,0.06604158173664901
854,0.81,0.06606851549755302
855,0.81,0.06609547123623011
856,0.81,0.06612244897959184
857,0.81,0.0661494487545937
858,0.81,0.0661764705882353
859,0.81,0.06620351450756028
860,0.81,0.06623058053965658
861,0.81,0.06625766871165645
862,0.81,0.0662847790507365
863,0.81,0.0663119115841179
864,0.81,0.06633906633906633
865,0.81,0.06636624334289226
866,0.81,0.06639344262295081
867,0.81,0.06642066420664207
868,0.81,0.06644790812141099
869,0.81,0.06647517439474764
870,0.805,0.06609195402298851
871,0.805,0.06611909650924025
872,0.805,0.06614626129827444
873,0.805,0.06617344841759146
874,0.805,0.06620065789473684
875,0.805,0.06622788975730153
876,0.805,0.0662551440329218
877,0.805,0.06628242074927954
878,0.805,0.06630971993410215
879,0.805,0.06633704161516275
880,0.805,0.0663643858202803
881,0.805,0.0663917525773196
882,0.805,0.06644655385885266
883,0.805,0.06647398843930635
884,0.805,0.06650144568360182
885,0.805,0.06652892561983471
886,0.805,0.06655642827614716
887,0.805,0.06658395368072788
888,0.805,0.06661150186181217
889,0.805,0.06663907284768211
890,0.805,0.06666666666666667
891,0.805,0.06669428334714167
892,0.805,0.06672192291753004
893,0.805,0.06674958540630183
894,0.805,0.06677727084197428
895,0.805,0.06680497925311203
896,0.805,0.0668327106683271
897,0.805,0.06686046511627906
898,0.805,0.06688824262567511
899,0.805,0.06691604322527016
900,0.805,0.06694386694386695
901,0.805,0.06697171381031614
902,0.805,0.06699958385351644
903,0.805,0.06702747710241465
904,0.805,0.06705539358600583
905,0.805,0.06708333333333333
906,0.805,0.06711129637348895
907,0.805,0.06713928273561301
908,0.805,0.06716729244889445
909,0.805,0.06719532554257095
910,0.805,0.06722338204592902
911,0.805,0.06725146198830409
912,0.805,0.06727956539908066
913,0.805,0.0673076923076923
914,0.805,0.06733584274362192
915,0.805,0.06736401673640167
916,0.805,0.06739221431561322
917,0.805,0.06742043551088778
918,0.805,0.06744868035190615
919,0.805,0.067476948868399
920,0.805,0.06750524109014674
921,0.805,0.06753355704697987
922,0.805,0.06756189676877886
923,0.805,0.0675902602854744
924,0.805,0.06761864762704746
925,0.805,0.06764705882352941
926,0.805,0.0676754939050021
927,0.805,0.06770395290159797
928,0.805,0.06773243584350021
929,0.805,0.06776094276094276
930,0.805,0.06778947368421052
931,0.805,0.06781802864363942
932,0.805,0.06784660766961652
933,0.805,0.0678752107925801
934,0.805,0.06790383804301982
935,0.805,0.0679324894514768
936,0.805,0.06796116504854369
937,0.805,0.06798986486486487
938,0.805,0.06801858893113646
939,0.805,0.06804733727810651
940,0.805,0.06807610993657505
941,0.8,0.0676818950930626
942,0.8,0.06771053745239103
943,0.8,0.06773920406435224
944,0.8,0.0677678949597628
945,0.8,0.06779661016949153
946,0.8,0.06782534972445951
947,0.795,0.06743002544529263
948,0.795,0.06745863385659737
949,0.795,0.06748726655348047
950,0.795,0.06751592356687898
951,0.795,0.0675446049277825
952,0.795,0.06757331066723332
953,0.795,0.06760204081632654
954,0.795,0.06763079540621013
955,0.795,0.06765957446808511
956,0.795,0.06768837803320563
957,0.795,0.06771720613287904
958,0.795,0.06774605879846612
959,0.795,0.06777493606138107
960,0.795,0.06780383795309168
961,0.795,0.06783276450511945
962,0.795,0.0678617157490397
963,0.795,0.06789069171648164
964,0.795,0.06791969243912858
965,0.795,0.06794871794871794
966,0.795,0.06797776827704147
967,0.795,0.06800684345594525
968,0.795,0.06803594351732992
969,0.795,0.06806506849315068
970,0.795,0.06809421841541756
971,0.795,0.06812339331619537
972,0.795,0.06815259322760395
973,0.795,0.06818181818181818
974,0.795,0.0682110682110682
975,0.795,0.06824034334763948
976,0.795,0.0682696436238729
977,0.795,0.06829896907216494
978,0.795,0.06832831972496776
979,0.795,0.06835769561478934
980,0.795,0.06838709677419355
981,0.795,0.06841652323580034
982,0.795,0.06844597503228583
983,0.79,0.06804478897502153
984,0.79,0.06807410598879793
985,0.79,0.06810344827586207
986,0.79,0.06813281586890901
987,0.79,0.06816220880069025
988,0.79,0.06819162710401382
989,0.79,0.06822107081174439
990,0.79,0.06825053995680345
991,0.79,0.0682800345721694
992,0.79,0.06830955469087764
993,0.79,0.06833910034602077
994,0.785,0.06793595845954133
995,0.785,0.06796536796536796
996,0.785,0.06799480294499784
997,0.785,0.06802426343154246
998,0.785,0.06805374945817079
999,0.785,0.06808326105810927
1000,0.785,0.06811279826464209
1001,0.785,0.0681423611111111
1002,0.785,0.06817194963091619
1003,0.785,0.0682015638575152
1004,0.785,0.06823120382442416
1005,0.785,0.06826086956521739
1006,0.785,0.06829056111352762
1007,0.785,0.06832027850304613
1008,0.785,0.06835002176752286
1009,0.785,0.06837979094076654
1010,0.785,0.06840958605664488
1011,0.785,0.06843940714908457
1012,0.785,0.06846925425207152
1013,0.785,0.06849912739965096
1014,0.785,0.06852902662592754
1015,0.785,0.0685589519650655
1016,0.785,0.06858890345128878
1017,0.785,0.06861888111888112
1018,0.785,0.06864888500218627
1019,0.785,0.06867891513560805
1020,0.785,0.0687089715536105
1021,0.785,0.06873905429071804
1022,0.785,0.06876916338151555
1023,0.785,0.06879929886064855
1024,0.785,0.06882946076282333
1025,0.785,0.06885964912280702
1026,0.785,0.06888986397542782
1027,0.785,0.06892010535557506
1028,0.785,0.06895037329819939
1029,0.785,0.06898066783831283
1030,0.785,0.06901098901098901
1031,0.785,0.06904133685136324
1032,0.785,0.06907171139463264
1033,0.785,0.06910211267605634
1034,0.785,0.06913254073095552
1035,0.785,0.06916299559471366
1036,0.785,0.06919347730277656
1037,0.785,0.06922398589065255
1038,0.785,0.06925452139391267
1039,0.785,0.06928508384819064
1040,0.785,0.06931567328918323
1041,0.785,0.06934628975265017
1042,0.785,0.06937693327441449
1043,0.785,0.0694076038903625
1044,0.785,0.06943830163644406
1045,0.785,0.06946902654867257
1046,0.785,0.06949977866312528
1047,0.785,0.06953055801594331
1048,0.785,0.06956136464333186
1049,0.785,0.06959219858156028
1050,0.785,0.06962305986696231
1051,0.785,0.06965394853593611
1052,0.785,0.06968486462494451
1053,0.785,0.06971580817051509
1054,0.785,0.06974677920924034
1055,0.785,0.06977777777777777
1056,0.785,0.06980880391285016
1057,0.785,0.06983985765124555
1058,0.785,0.06987093902981753
1059,0.785,0.06990204808548531
1060,0.785,0.06993318485523385
1061,0.785,0.07008928571428572
1062,0.785,0.07012058954890577
1063,0.785,0.07015192135835567
1064,0.785,0.07018328118015199
1065,0.785,0.07021466905187836
1066,0.785,0.07024608501118568
1067,0.785,0.0702775290957923
1068,0.785,0.0703090013434841
1069,0.785,0.07034050179211469
1070,0.785,0.07037203047960555
1071,0.785,0.07040358744394619
1072,0.785,0.07043517272319426
1073,0.785,0.07046678635547576
1074,0.785,0.07049842837898518
1075,0.785,0.07053009883198562
1076,0.785,0.07056179775280899
1077,0.785,0.07059352517985612
1078,0.785,0.07062528115159694
1079,0.785,0.07065706570657065
1080,0.785,0.07068887888338586
1081,0.785,0.07072072072072072
1082,0.785,0.07075259125732312
1083,0.785,0.07078449053201082
1084,0.785,0.07081641858367163
1085,0.785,0.07084837545126353
1086,0.785,0.0708803611738149
1087,0.785,0.07091237579042457
1088,0.785,0.07094441934026209
1089,0.785,0.07097649186256781
1090,0.785,0.0710085933966531
1091,0.785,0.07104072398190045
1092,0.785,0.0710728836577637
1093,0.785,0.07110507246376811
1094,0.785,0.07113729043951064
1095,0.785,0.07116953762466002
1096,0.785,0.07120181405895691
1097,0.785,0.07123411978221415
1098,0.785,0.07126645483431684
1099,0.785,0.07129881925522252
1100,0.785,0.07133121308496138
1101,0.785,0.07136363636363637
1102,0.785,0.07139608913142337
1103,0.785,0.07142857142857142
1104,0.785,0.07146108329540282
1105,0.785,0.0714936247723133
1106,0.785,0.07152619589977222
1107,0.785,0.0715587967183227
1108,0.785,0.07159142726858185
1109,0.785,0.07162408759124088
1110,0.785,0.07165677772706527
1111,0.785,0.07168949771689498
1112,0.785,0.07172224760164458
1113,0.785,0.07175502742230347
1114,0.785,0.07178783721993598
1115,0.785,0.07185354691075514
1116,0.785,0.07188644688644688
1117,0.785,0.07191937700412276
1118,0.785,0.07195233730522456
1119,0.785,0.07198532783127005
1120,0.785,0.07201834862385322
1121,0.785,0.07205139972464433
1122,0.785,0.07208448117539026
1123,0.785,0.07211759301791457
1124,0.785,0.07215073529411764
1125,0.785,0.072183908045977
1126,0.785,0.07221711131554738
1127,0.785,0.07225034514496088
1128,0.785,0.07228360957642725
1129,0.785,0.07231690465223399
1130,0.785,0.07235023041474654
1131,0.785,0.07238358690640849
1132,0.785,0.0724169741697417
1133,0.785,0.07245039224734656
1134,0.785,0.07248384118190213
1135,0.785,0.07251732101616629
1136,0.785,0.07255083179297597
1137,0.785,0.07258437355524734
1138,0.785,0.07261794634597594
1139,0.785,0.07265155020823692
1140,0.78,0.07222222222222222
1141,0.775,0.07179249652616952
1142,0.775,0.07182576459684893
1143,0.775,0.07185906351414001
1144,0.775,0.07189239332096475
1145,0.775,0.07192575406032482
1146,0.775,0.07195914577530177
1147,0.775,0.07199256850905712
1148,0.775,0.07202602230483271
1149,0.775,0.07205950720595072
1150,0.775,0.07209302325581396
1151,0.775,0.07212657049790601
1152,0.775,0.07216014897579143
1153,0.775,0.07219375873311598
1154,0.775,0.07222739981360671
1155,0.775,0.07226107226107226
1156,0.775,0.07229477611940298
1157,0.775,0.07232851143257116
1158,0.775,0.07236227824463119
1159,0.775,0.07246376811594203
1160,0.775,0.0724976613657624
1161,0.775,0.07253158633598503
1162,0.775,0.07256554307116105
1163,0.775,0.07273580478648521
1164,0.775,0.07276995305164319
1165,0.775,0.07280413339596055
1166,0.775,0.07283834586466166
1167,0.775,0.07287259050305595
1168,0.775,0.0729068673565381
1169,0.775,0.07294117647058823
1170,0.775,0.07297551789077213
1171,0.775,0.0730098916627414
1172,0.775,0.07304429783223375
1173,0.775,0.07307873644507308
1174,0.775,0.07311320754716981
1175,0.775,0.073147711184521
1176,0.775,0.07318224740321058
1177,0.775,0.07321681624940954
1178,0.775,0.07325141776937619
1179,0.775,0.07328605200945626
1180,0.775,0.07332071901608325
1181,0.775,0.07335541883577851
1182,0.775,0.07339015151515152
1183,0.775,0.07342491710090004
1184,0.775,0.07345971563981042
1185,0.775,0.07349454717875771
1186,0.775,0.07352941176470588
1187,0.775,0.0737743931461209
1188,0.775,0.07380952380952381
1189,0.775,0.07384468794664126
1190,0.775,0.07387988560533841
1191,0.775,0.07391511683357177
1192,0.775,0.07395038167938932
1193,0.775,0.07402101241642789
1194,0.775,0.0740563784042045
1195,0.775,0.07409177820267686
1196,0.775,0.0741272118603539
1197,0.775,0.07416267942583732
1198,0.775,0.07419818094782192
1199,0.775,0.07423371647509579
1200,0.775,0.07426928605654048
1201,0.775,0.07437619961612284
1202,0.775,0.07441190590494479
1203,0.775,0.074447646493756
1204,0.775,0.07448342143200384
1205,0.775,0.07451923076923077
1206,0.775,0.07455507455507455
1207,0.775,0.0746987951807229
1208,0.775,0.07480694980694981
1209,0.775,0.0748430709802028
1210,0.775,0.0748792270531401
1211,0.775,0.0749154180763654
1212,0.775,0.07495164410058026
1213,0.775,0.07498790517658442
1214,0.775,0.07502420135527589
1215,0.775,0.07506053268765134
1216,0.775,0.0750968992248062
1217,0.775,0.07513330101793504
1218,0.775,0.07516973811833172
1219,0.775,0.07520621057738962
1220,0.775,0.07524271844660194
1221,0.775,0.07527926177756192
1222,0.77,0.07482993197278912
1223,0.77,0.0748663101604278
1224,0.77,0.07490272373540856
1225,0.77,0.07493917274939173
1226,0.77,0.07497565725413827
1227,0.77,0.07501217730150998
1228,0.77,0.07504873294346978
1229,0.77,0.07512195121951219
1230,0.765,0.0746705710102489
1231,0.765,0.07470703125
1232,0.765,0.07474352711284807
1233,0.76,0.07429130009775171
1234,0.76,0.07432762836185819
1235,0.76,0.07436399217221135
1236,0.76,0.07440039158100832
1237,0.76,0.0744732974032337
1238,0.76,0.07450980392156863
1239,0.76,0.07454634624816087
1240,0.76,0.0745829244357213
1241,0.76,0.07461953853706431
1242,0.76,0.0746928746928747
1243,0.76,0.07472959685349066
1244,0.76,0.07476635514018691
1245,0.76,0.07480314960629922
1246,0.76,0.07483998030526834
1247,0.76,0.0748768472906404
1248,0.76,0.07491375061606703
1249,0.76,0.07495069033530571
1250,0.76,0.07498766650222002
1251,0.76,0.07502467917077986
1252,0.76,0.07506172839506173
1253,0.755,0.07460474308300395
1254,0.755,0.07464162135442412
1255,0.755,0.07467853610286845
1256,0.755,0.07471548738248392
1257,0.755,0.07475247524752475
1258,0.755,0.07478949975235265
1259,0.755,0.07482656095143707
1260,0.755,0.07486365889935548
1261,0.755,0.07490079365079365
1262,0.755,0.0749379652605459
1263,0.755,0.0749751737835154
1264,0.755,0.07501241927471436
1265,0.755,0.07504970178926441
1266,0.755,0.07508702138239681
1267,0.755,0.07512437810945273
1268,0.755,0.07516177202588352
1269,0.755,0.07527417746759721
1270,0.755,0.07531172069825437
1271,0.755,0.0753493013972056
1272,0.755,0.07538691962056915
1273,0.755,0.07542457542457542
1274,0.755,0.07546226886556721
1275,0.755,0.0755
1276,0.755,0.07553776888444222
1277,0.755,0.07557557557557558
1278,0.755,0.0756134201301953
1279,0.755,0.07565130260521043
1280,0.755,0.07568922305764411
1281,0.755,0.0757271815446339
1282,0.755,0.07576517812343202
1283,0.755,0.07580321285140562
1284,0.755,0.07584128578603717
1285,0.755,0.07587939698492463
1286,0.755,0.0759175465057818
1287,0.755,0.07595573440643863
1288,0.755,0.07599396074484147
1289,0.755,0.07603222557905337
1290,0.755,0.07607052896725441
1291,0.755,0.07610887096774194
1292,0.755,0.07614725163893091
1293,0.755,0.07618567103935418
1294,0.755,0.07622412922766279
1295,0.755,0.07626262626262627
1296,0.755,0.07630116220313289
1297,0.755,0.07633973710819009
1298,0.755,0.07637835103692463
1299,0.755,0.076417004048583
1300,0.755,0.07645569620253165
1301,0.755,0.07649442755825735
1302,0.755,0.07653319817536747
1303,0.755,0.07657200811359026
1304,0.755,0.07661085743277524
1305,0.755,0.0766497461928934
1306,0.755,0.07668867445403758
1307,0.755,0.07672764227642276
1308,0.755,0.07676664972038638
1309,0.755,0.0768056968463886
1310,0.755,0.07692307692307693
1311,0.755,0.07696228338430174
1312,0.755,0.07700152983171851
1313,0.755,0.0770408163265306
1314,0.755,0.07708014293006636
1315,0.755,0.07711950970377937
1316,0.755,0.07715891670924885
1317,0.755,0.07719836400817996
1318,0.755,0.07723785166240409
1319,0.755,0.07727737973387923
1320,0.755,0.07731694828469023
1321,0.755,0.07735655737704918
1322,0.755,0.07739620707329574
1323,0.755,0.07743589743589743
1324,0.755,0.07747562852744998
1325,0.755,0.07751540041067762
1326,0.755,0.07755521314843349
1327,0.755,0.0775950668036999
1328,0.755,0.07763496143958869
1329,0.755,0.07767489711934156
1330,0.755,0.07771487390633042
1331,0.755,0.07775489186405768
1332,0.755,0.07779495105615662
1333,0.755,0.07783505154639175
1334,0.755,0.0778751933986591
1335,0.755,0.07791537667698659
1336,0.755,0.07795560144553433
1337,0.755,0.07799586776859505
1338,0.755,0.07803617571059432
1339,0.755,0.07807652533609101
1340,0.755,0.07811691670977755
1341,0.755,0.07815734989648034
1342,0.755,0.07819782496116003
1343,0.755,0.07823834196891191
1344,0.755,0.0782789009849663
1345,0.755,0.0783195020746888
1346,0.755,0.0783601453035807
1347,0.755,0.07840083073727934
1348,0.755,0.07844155844155844
1349,0.755,0.07848232848232849
1350,0.755,0.07852314092563703
1351,0.755,0.0785639958376691
1352,0.755,0.07860489328474753
1353,0.755,0.07864583333333333
1354,0.755,0.07868681605002606
1355,0.755,0.07872784150156413
1356,0.755,0.07881002087682672
1357,0.755,0.07885117493472585
1358,0.755,0.07889237199582028
1359,0.755,0.07893361212754835
1360,0.755,0.07897489539748954
1361,0.755,0.07901622187336473
1362,0.755,0.07909900471451022
1363,0.755,0.07918196119559517
1364,0.755,0.07922350472193075
1365,0.755,0.07926509186351706
1366,0.755,0.07930672268907563
1367,0.755,0.0793483972674724
1368,0.755,0.07947368421052632
1369,0.755,0.0795155344918378
1370,0.755,0.07955742887249737
1371,0.755,0.07959936742224565
1372,0.755,0.07964135021097046
1373,0.755,0.07972544878563886
1374,0.755,0.0797675647120972
1375,0.755,0.07980972515856237
1376,0.755,0.07985193019566367
1377,0.755,0.07989417989417989
1378,0.755,0.0799364743250397
1379,0.755,0.07997881355932203
1380,0.755,0.0800211976682565
1381,0.755,0.08006362672322376
1382,0.755,0.08010610079575597
1383,0.755,0.08014861995753715
1384,0.755,0.08019118428040362
1385,0.755,0.08023379383634431
1386,0.755,0.08027644869750133
1387,0.755,0.08031914893617022
1388,0.755,0.08036189462480042
1389,0.755,0.08040468583599573
1390,0.755,0.08044752264251465
1391,0.755,0.08049040511727079
1392,0.755,0.08053333333333333
1393,0.755,0.08057630736392743
1394,0.755,0.0806193272824346
1395,0.755,0.08066239316239317
1396,0.755,0.08070550507749866
1397,0.755,0.08079186730872125
1398,0.755,0.08083511777301927
1399,0.755,0.080878414568827
1400,0.755,0.08092175777063237
1401,0.755,0.08096514745308311
1402,0.755,0.08100858369098712
1403,0.755,0.08105206655931294
1404,0.755,0.08109559613319012
1405,0.755,0.08113917248790972
1406,0.755,0.08118279569892473
1407,0.755,0.08122646584185046
1408,0.755,0.08127018299246501
1409,0.755,0.08131394722670975
1410,0.755,0.08135775862068965
1411,0.755,0.08140161725067385
1412,0.755,0.081445523193096
1413,0.755,0.08148947652455478
1414,0.755,0.08153347732181425
1415,0.755,0.08157752566180443
1416,0.755,0.08162162162162162
1417,0.755,0.08166576527852894
1418,0.755,0.0817099567099567
1419,0.755,0.08175419599350298
1420,0.755,0.0817984832069339
1421,0.755,0.08184281842818428
1422,0.755,0.08188720173535792
1423,0.755,0.08193163320672817
1424,0.755,0.08197611292073832
1425,0.755,0.08202064095600217
1426,0.755,0.08206521739130435
1427,0.755,0.08210984230560087
1428,0.755,0.08215451577801959
1429,0.755,0.08219923788786064
1430,0.755,0.08224400871459694
1431,0.755,0.08228882833787465
1432,0.755,0.08233369683751363
1433,0.755,0.08237861429350792
1434,0.75,0.08187772925764192
1435,0.75,0.0819224467504096
1436,0.75,0.08196721311475409
1437,0.75,0.08201202843083652
1438,0.75,0.08205689277899343
1439,0.75,0.08210180623973727
1440,0.75,0.08214676889375684
1441,0.75,0.0821917808219178
1442,0.75,0.08223684210526316
1443,0.75,0.08228195282501372
1444,0.75,0.08232711306256861
1445,0.75,0.08237232289950576
1446,0.75,0.08241758241758242
1447,0.75,0.08246289169873557
1448,0.75,0.08250825082508251
1449,0.75,0.0825536598789213
1450,0.75,0.08259911894273128
1451,0.75,0.08264462809917356
1452,0.75,0.08269018743109151
1453,0.75,0.0827357970215113
1454,0.75,0.08278145695364239
1455,0.75,0.08282716731087797
1456,0.75,0.08287292817679558
1457,0.75,0.08291873963515754
1458,0.75,0.08296460176991151
1459,0.75,0.08301051466519092
1460,0.75,0.08305647840531562
1461,0.75,0.08310249307479224
1462,0.75,0.08314855875831485
1463,0.75,0.08319467554076539
1464,0.75,0.08324084350721421
1465,0.75,0.0832870627429206
1466,0.75,0.08333333333333333
1467,0.75,0.08337965536409116
1468,0.75,0.08342602892102335
1469,0.75,0.08347245409015025
1470,0.75,0.08351893095768374
1471,0.75,0.08356545961002786
1472,0.75,0.08361204013377926
1473,0.75,0.08365867261572783
1474,0.75,0.08370535714285714
1475,0.75,0.08375209380234507
1476,0.75,0.08379888268156424
1477,0.75,0.08384572386808273
1478,0.75,0.08389261744966443
1479,0.75,0.08393956351426973
1480,0.75,0.083986562150056
1481,0.75,0.08403361344537816
1482,0.75,0.08408071748878924
1483,0.745,0.08356702187324734
1484,0.745,0.08361391694725027
1485,0.745,0.08366086468276249
1486,0.745,0.08370786516853933
1487,0.745,0.0837549184935357
1488,0.745,0.08380202474690664
1489,0.745,0.08384918401800788
1490,0.745,0.0838963963963964
1491,0.745,0.08394366197183098
1492,0.745,0.08399098083427282
1493,0.745,0.08403835307388607
1494,0.745,0.08408577878103837
1495,0.745,0.08413325804630152
1496,0.745,0.08418079096045197
1497,0.745,0.08422837761447145
1498,0.745,0.08427601809954752
1499,0.745,0.08432371250707414
1500,0.745,0.08437146092865232
1501,0.745,0.08441926345609065
1502,0.745,0.0844671201814059
1503,0.745,0.08451503119682359
1504,0.745,0.08456299659477866
1505,0.745,0.08461101646791595
1506,0.745,0.0846590909090909
1507,0.745,0.0847072200113701
1508,0.745,0.08475540386803185
1509,0.745,0.08480364257256688
1510,0.745,0.08485193621867881
1511,0.745,0.0849002849002849
1512,0.745,0.08494868871151653
1513,0.745,0.0849971477467199
1514,0.745,0.08504566210045662
1515,0.745,0.08509423186750428
1516,0.745,0.08514285714285715
1517,0.745,0.0851915380217267
1518,0.745,0.08524027459954234
1519,0.745,0.08528906697195192
1520,0.745,0.08533791523482245
1521,0.745,0.08538681948424069
1522,0.745,0.08543577981651376
1523,0.745,0.08548479632816983
1524,0.745,0.08553386911595867
1525,0.745,0.08558299827685238
1526,0.745,0.08563218390804597
1527,0.745,0.08568142610695802
1528,0.745,0.0857307249712313
1529,0.745,0.08578008059873345
1530,0.745,0.0858294930875576
1531,0.745,0.08587896253602305
1532,0.745,0.08592848904267589
1533,0.745,0.08597807270628967
1534,0.745,0.08602771362586605
1535,0.745,0.08607741190063548
1536,0.745,0.0861271676300578
1537,0.745,0.08617698091382302
1538,0.745,0.08622685185185185
1539,0.745,0.08627678054429647
1540,0.745,0.08632676709154113
1541,0.745,0.08637681159420289
1542,0.745,0.08642691415313225
1543,0.745,0.08647707486941382
1544,0.745,0.08652729384436701
1545,0.745,0.08657757117954677
1546,0.745,0.08662790697674419
1547,0.745,0.0866783013379872
1548,0.745,0.08672875436554132
1549,0.745,0.08677926616191031
1550,0.745,0.08682983682983683
1551,0.745,0.08688046647230321
1552,0.745,0.08693115519253208
1553,0.745,0.08698190309398715
1554,0.745,0.08703271028037383
1555,0.745,0.08708357685563997
1556,0.745,0.0871345029239766
1557,0.745,0.0871854885898186
1558,0.745,0.08723653395784543
1559,0.745,0.08728763913298183
1560,0.745,0.0873388042203986
1561,0.745,0.0873900293255132
1562,0.745,0.08744131455399061
1563,0.745,0.08749266001174398
1564,0.745,0.08754406580493537
1565,0.745,0.08759553203997648
1566,0.745,0.08764705882352941
1567,0.745,0.08769864626250735
1568,0.745,0.08775029446407538
1569,0.745,0.08780200353565115
1570,0.745,0.08785377358490566
1571,0.745,0.08790560471976401
1572,0.745,0.08795749704840614
1573,0.745,0.08800945067926758
1574,0.745,0.08806146572104019
1575,0.745,0.08811354228267297
1576,0.745,0.08816568047337278
1577,0.745,0.08821788040260509
1578,0.745,0.08827014218009478
1579,0.745,0.08832246591582692
1580,0.745,0.08837485172004746
1581,0.745,0.08847980997624703
1582,0.745,0.0885323826500297
1583,0.745,0.08858501783590964
1584,0.745,0.08863771564544913
1585,0.745,0.0886904761904762
1586,0.745,0.08874329958308518
1587,0.745,0.08879618593563766
1588,0.745,0.08884913536076326
1589,0.745,0.08890214797136038
1590,0.745,0.08895522388059701
1591,0.745,0.08900836320191159
1592,0.745,0.08906156604901375
1593,0.745,0.08911483253588516
1594,0.745,0.08916816277678037
1595,0.745,0.08922155688622754
1596,0.745,0.08927501497902936
1597,0.745,0.08932853717026379
1598,0.745,0.0894894894894895
1599,0.745,0.08954326923076923
1600,0.745,0.08959711365003006
1601,0.745,0.08965102286401926
1602,0.745,0.0897049969897652
1603,0.745,0.08975903614457831
1604,0.745,0.08981314044605183
1605,0.745,0.08986731001206273
1606,0.745,0.08992154496077248
1607,0.745,0.08997584541062802
1608,0.745,0.09003021148036254
1609,0.745,0.09008464328899637
1610,0.745,0.09013914095583787
1611,0.745,0.09019370460048426
1612,0.745,0.09024833434282253
1613,0.745,0.0903030303030303
1614,0.745,0.09035779260157671
1615,0.745,0.0904126213592233
1616,0.745,0.0904675166970249
1617,0.745,0.0905224787363305
1618,0.745,0.09057750759878419
1619,0.745,0.09063260340632603
1620,0.745,0.09068776628119293
1621,0.745,0.0907429963459196
1622,0.745,0.09079829372333943
1623,0.745,0.09085365853658536
1624,0.745,0.09090909090909091
1625,0.745,0.09096459096459096
1626,0.745,0.09102015882712279
1627,0.745,0.0910757946210269
1628,0.745,0.09113149847094801
1629,0.745,0.09118727050183599
1630,0.745,0.09124311083894672
1631,0.745,0.09129901960784313
1632,0.745,0.09135499693439608
1633,0.745,0.09141104294478528
1634,0.745,0.09146715776550031
1635,0.745,0.09152334152334152
1636,0.745,0.09157959434542103
1637,0.745,0.09163591635916359
1638,0.745,0.0916923076923077
1639,0.745,0.0917487684729064
1640,0.745,0.0918052988293284
1641,0.745,0.09186189889025893
1642,0.745,0.0919185687847008
1643,0.745,0.09197530864197531
1644,0.745,0.09203211859172329
1645,0.745,0.09208899876390605
1646,0.745,0.09214594928880643
1647,0.745,0.0922029702970297
1648,0.745,0.09226006191950464
1649,0.745,0.09231722428748451
1650,0.745,0.09237445753254804
1651,0.745,0.0924317617866005
1652,0.745,0.09248913718187461
1653,0.745,0.09254658385093167
1654,0.745,0.09260410192666252
1655,0.745,0.09266169154228855
1656,0.745,0.09271935283136279
1657,0.745,0.09277708592777086
1658,0.745,0.09283489096573208
1659,0.745,0.0928927680798005
1660,0.745,0.09295071740486588
1661,0.745,0.09300873907615481
1662,0.745,0.09306683322923173
1663,0.745,0.093125
1664,0.745,0.09318323952470293
1665,0.745,0.09324155193992491
1666,0.745,0.09329993738259236
1667,0.745,0.09335839598997493
1668,0.745,0.09347553324968633
1669,0.745,0.09353421217827998
1670,0.745,0.0935929648241206
1671,0.745,0.09365179132620993
1672,0.745,0.09371069182389936
1673,0.745,0.09376966645689112
1674,0.745,0.09400630914826498
1675,0.745,0.09406565656565656
1676,0.745,0.09412507896399241
1677,0.745,0.09418457648546144
1678,0.745,0.09424414927261227
1679,0.745,0.09430379746835443
1680,0.745,0.09436352121595946
1681,0.745,0.0944233206590621
1682,0.745,0.09448319594166138
1683,0.745,0.09454314720812183
1684,0.745,0.0946031746031746
1685,0.745,0.09466327827191867
1686,0.745,0.094723458359822
1687,0.745,0.09478371501272265
1688,0.745,0.09484404837683004
1689,0.745,0.09490445859872612
1690,0.745,0.09496494582536648
1691,0.745,0.09502551020408163
1692,0.745,0.09508615188257817
1693,0.745,0.09514687100893997
1694,0.745,0.09526854219948849
1695,0.745,0.09532949456174024
1696,0.745,0.09539052496798976
1697,0.745,0.0954516335682255
1698,0.745,0.0955128205128205
1699,0.745,0.09557408595253368
1700,0.745,0.09563543003851091
1701,0.745,0.09569685292228645
1702,0.745,0.09575835475578406
1703,0.745,0.09581993569131833
1704,0.745,0.09588159588159588
1705,0.74,0.0952994204764971
1706,0.74,0.09536082474226804
1707,0.74,0.09542230818826564
1708,0.74,0.09548387096774194
1709,0.74,0.09554551323434474
1710,0.74,0.09560723514211886
1711,0.74,0.09566903684550743
1712,0.74,0.09573091849935317
1713,0.74,0.09579288025889968
1714,0.74,0.09585492227979274
1715,0.74,0.09591704471808166
1716,0.74,0.0959792477302205
1717,0.74,0.09604153147306943
1718,0.74,0.09610389610389611
1719,0.74,0.09616634178037686
1720,0.74,0.09622886866059818
1721,0.74,0.09629147690305791
1722,0.74,0.09635416666666667
1723,0.74,0.09641693811074918
1724,0.74,0.09647979139504563
1725,0.74,0.09654272667971298
1726,0.74,0.09660574412532637
1727,0.74,0.09673202614379085
1728,0.74,0.09679529103989536
1729,0.74,0.0968586387434555
1730,0.74,0.09692206941715782
1731,0.74,0.09698558322411534
1732,0.74,0.09704918032786886
1733,0.74,0.09711286089238845
1734,0.74,0.0975609756097561
1735,0.74,0.09762532981530343
1736,0.74,0.09768976897689768
1737,0.74,0.0977542932628798
1738,0.74,0.09781890284203569
1739,0.74,0.09788359788359788
1740,0.74,0.09794837855724686
1741,0.74,0.09801324503311258
1742,0.74,0.09807819748177601
1743,0.74,0.09814323607427056
1744,0.74,0.0982083609820836
1745,0.74,0.09827357237715803
1746,0.74,0.09833887043189368
1747,0.74,0.09840425531914894
1748,0.74,0.09846972721224219
1749,0.74,0.0985352862849534
1750,0.74,0.09860093271152565
1751,0.74,0.09866666666666667
1752,0.74,0.09939556749496306
1753,0.74,0.09946236559139784
1754,0.74,0.09952925353059852
1755,0.74,0.09959623149394348
1756,0.74,0.09966329966329966
1757,0.74,0.09973045822102426
1758,0.74,0.09979770734996629
1759,0.74,0.09986504723346828
1760,0.74,0.099932478055368
1761,0.74,0.1
1762,0.74,0.10006761325219743
1763,0.74,0.10013531799729364
1764,0.74,0.10033898305084746
1765,0.74,0.10061182868796736
1766,0.74,0.10068027210884353
1767,0.74,0.10074880871341048
1768,0.74,0.1008174386920981
1769,0.74,0.10088616223585549
1770,0.74,0.1009549795361528
1771,0.74,0.10102389078498293
1772,0.74,0.10109289617486339
1773,0.74,0.10116199589883801
1774,0.74,0.1012311901504788
1775,0.74,0.10130047912388775
1776,0.74,0.10136986301369863
1777,0.74,0.10143934201507881
1778,0.74,0.10150891632373114
1779,0.74,0.10157858613589568
1780,0.74,0.10164835164835165
1781,0.74,0.10171821305841924
1782,0.74,0.10178817056396149
1783,0.74,0.1018582243633861
1784,0.74,0.10192837465564739
1785,0.74,0.1019986216402481
1786,0.74,0.10206896551724139
1787,0.74,0.10213940648723258
1788,0.74,0.10220994475138122
1789,0.74,0.1022805805114029
1790,0.74,0.10235131396957123
1791,0.74,0.10242214532871972
1792,0.74,0.10249307479224377
1793,0.74,0.10256410256410256
1794,0.74,0.10263522884882108
1795,0.74,0.10270645385149202
1796,0.74,0.10277777777777777
1797,0.74,0.10284920083391244
1798,0.74,0.10292072322670376
1799,0.74,0.10299234516353514
1800,0.74,0.10306406685236769
1801,0.74,0.10313588850174216
1802,0.74,0.10320781032078104
1803,0.74,0.10327983251919051
1804,0.74,0.10335195530726257
1805,0.74,0.1034965034965035
1806,0.74,0.10356892932120364
1807,0.74,0.10364145658263306
1808,0.735,0.10301331464611072
1809,0.735,0.10308555399719495
1810,0.735,0.1031578947368421
1811,0.735,0.10323033707865169
1812,0.735,0.10330288123682362
1813,0.735,0.10344827586206896
1814,0.735,0.10352112676056338
1815,0.735,0.10359408033826638
1816,0.735,0.10366713681241185
1817,0.735,0.10374029640084687
1818,0.735,0.1038135593220339
1819,0.735,0.103886925795053
1820,0.735,0.10396039603960396
1821,0.735,0.1040339702760085
1822,0.735,0.1041814316087881
1823,0.735,0.10432931156848829
1824,0.735,0.10440340909090909
1825,0.735,0.1044776119402985
1826,0.735,0.1047008547008547
1827,0.735,0.10477548111190306
1828,0.735,0.10485021398002853
1829,0.735,0.10492505353319058
1830,0.735,0.105
1831,0.735,0.10507505360972123
1832,0.735,0.10515021459227468
1833,0.735,0.10522548317823908
1834,0.735,0.10530085959885387
1835,0.735,0.1053763440860215
1836,0.735,0.1054519368723099
1837,0.735,0.10552763819095477
1838,0.735,0.10560344827586207
1839,0.73,0.10496046010064701
1840,0.73,0.10503597122302158
1841,0.73,0.10511159107271419
1842,0.73,0.10518731988472622
1843,0.73,0.10526315789473684
1844,0.73,0.10533910533910534
1845,0.73,0.10541516245487365
1846,0.73,0.10549132947976879
1847,0.73,0.10556760665220535
1848,0.73,0.10564399421128799
1849,0.73,0.1057204923968139
1850,0.73,0.10579710144927536
1851,0.73,0.10587382160986222
1852,0.73,0.10595065312046444
1853,0.73,0.10602759622367465
1854,0.73,0.10610465116279069
1855,0.73,0.10618181818181818
1856,0.73,0.10625909752547306
1857,0.73,0.10633648943918426
1858,0.73,0.10641399416909621
1859,0.73,0.10649161196207148
1860,0.73,0.10656934306569343
1861,0.73,0.10664718772826881
1862,0.73,0.1067251461988304
1863,0.73,0.10688140556368961
1864,0.73,0.10695970695970695
1865,0.73,0.10703812316715543
1866,0.73,0.10711665443873808
1867,0.73,0.10719530102790015
1868,0.73,0.10727406318883174
1869,0.73,0.10735294117647058
1870,0.73,0.10743193524650478
1871,0.73,0.10751104565537556
1872,0.73,0.10759027266028003
1873,0.73,0.10766961651917405
1874,0.73,0.1077490774907749
1875,0.73,0.10782865583456426
1876,0.73,0.10790835181079084
1877,0.73,0.10798816568047337
1878,0.73,0.1080680977054034
1879,0.73,0.10814814814814815
1880,0.73,0.10822831727205337
1881,0.73,0.1083086053412463
1882,0.73,0.10838901262063845
1883,0.73,0.10846953937592868
1884,0.73,0.10855018587360594
1885,0.73,0.10863095238095238
1886,0.73,0.10871183916604617
1887,0.73,0.10879284649776454
1888,0.73,0.10887397464578673
1889,0.73,0.10895522388059702
1890,0.73,0.10903659447348768
1891,0.73,0.10911808669656203
1892,0.73,0.10919970082273747
1893,0.73,0.1092814371257485
1894,0.73,0.10936329588014981
1895,0.73,0.10944527736131934
1896,0.73,0.10952738184546136
1897,0.73,0.10960960960960961
1898,0.73,0.10969196093163035
1899,0.73,0.10985703536493605
1900,0.73,0.10993975903614457
1901,0.73,0.11002260738507913
1902,0.73,0.11010558069381599
1903,0.73,0.11018867924528301
1904,0.73,0.11027190332326284
1905,0.73,0.11035525321239607
1906,0.73,0.11043872919818457
1907,0.73,0.1105223315669947
1908,0.73,0.11060606060606061
1909,0.73,0.1106899166034875
1910,0.73,0.11077389984825493
1911,0.73,0.1108580106302202
1912,0.73,0.11094224924012158
1913,0.73,0.11102661596958174
1914,0.73,0.1111111111111111
1915,0.73,0.11119573495811119
1916,0.73,0.11128048780487805
1917,0.73,0.11136536994660565
1918,0.73,0.11162079510703364
1919,0.73,0.1117061973986228
1920,0.73,0.11179173047473201
1921,0.73,0.11187739463601533
1922,0.73,0.11196319018404909
1923,0.73,0.11204911742133537
1924,0.73,0.11213517665130568
1925,0.73,0.11222136817832437
1926,0.73,0.1123076923076923
1927,0.73,0.11239414934565051
1928,0.73,0.11248073959938366
1929,0.73,0.11265432098765432
1930,0.73,0.11274131274131274
1931,0.73,0.11282843894899536
1932,0.73,0.11291569992266048
1933,0.73,0.1130030959752322
1934,0.73,0.11309062742060419
1935,0.73,0.11317829457364341
1936,0.73,0.11326609775019394
1937,0.73,0.11335403726708075
1938,0.73,0.11344211344211344
1939,0.73,0.11353032659409021
1940,0.73,0.11361867704280156
1941,0.73,0.11370716510903427
1942,0.73,0.11379579111457522
1943,0.73,0.11388455538221529
1944,0.73,0.11397345823575332
1945,0.73,0.1140625
1946,0.73,0.11415168100078187
1947,0.73,0.11424100156494522
1948,0.73,0.11459968602825746
1949,0.73,0.11468970934799685
1950,0.73,0.11477987421383648
1951,0.725,0.11408339889850512
1952,0.725,0.1141732283464567
1953,0.725,0.11426319936958235
1954,0.725,0.11435331230283911
1955,0.725,0.11444356748224152
1956,0.725,0.11453396524486571
1957,0.725,0.11462450592885376
1958,0.725,0.11471518987341772
1959,0.725,0.11480601741884403
1960,0.725,0.11489698890649762
1961,0.725,0.11498810467882632
1962,0.725,0.11507936507936507
1963,0.725,0.11553784860557768
1964,0.725,0.11562998405103668
1965,0.725,0.11572226656025539
1966,0.725,0.11581469648562301
1967,0.725,0.11590727418065548
1968,0.725,0.116
1969,0.725,0.11609287429943956
1970,0.725,0.11618589743589744
1971,0.725,0.11627906976744186
1972,0.725,0.11637239165329052
1973,0.725,0.11646586345381527
1974,0.725,0.11655948553054662
1975,0.725,0.1166532582461786
1976,0.725,0.11674718196457327
1977,0.725,0.1168412570507655
1978,0.725,0.11693548387096774
1979,0.725,0.11702986279257466
1980,0.725,0.11712439418416801
1981,0.725,0.11721907841552143
1982,0.725,0.11731391585760517
1983,0.725,0.11740890688259109
1984,0.725,0.11750405186385737
1985,0.725,0.11759935117599352
1986,0.725,0.1176948051948052
1987,0.725,0.11779041429731925
1988,0.725,0.11788617886178862
1989,0.725,0.11798209926769732
1990,0.725,0.11807817589576547
1991,0.725,0.11817440912795436
1992,0.725,0.11827079934747145
1993,0.725,0.11836734693877551
1994,0.725,0.1184640522875817
1995,0.725,0.11856091578086672
1996,0.725,0.11865793780687398
1997,0.725,0.11875511875511875
1998,0.725,0.11885245901639344
1999,0.725,0.11894995898277276
2000,0.725,0.11904761904761904
2001,0.725,0.11914543960558752
2002,0.725,0.11924342105263158
2003,0.725,0.11934156378600823
2004,0.725,0.11943986820428336
2005,0.725,0.11953833470733718
2006,0.725,0.11963696369636964
2007,0.725,0.11973575557390587
2008,0.725,0.11983471074380166
2009,0.72,0.11910669975186104
2010,0.72,0.11930405965202982
2011,0.72,0.11940298507462686
2012,0.72,0.11950207468879669
2013,0.72,0.11960132890365449
2014,0.72,0.11970074812967581
2015,0.72,0.11980033277870217
2016,0.72,0.11990008326394672
2017,0.72,0.12
2018,0.72,0.12010008340283569
2019,0.72,0.12020033388981637
2020,0.72,0.12030075187969924
2021,0.72,0.12040133779264214
2022,0.72,0.1205020920502092
2023,0.72,0.12060301507537688
2024,0.72,0.12070410729253982
2025,0.72,0.12080536912751678
2026,0.72,0.12090680100755667
2027,0.72,0.12100840336134454
2028,0.72,0.12111017661900757
2029,0.72,0.12121212121212122
2030,0.72,0.12131423757371525
2031,0.72,0.12141652613827993
2032,0.715,0.12067510548523207
2033,0.715,0.12077702702702703
2034,0.715,0.12087912087912088
2035,0.715,0.12098138747884941
2036,0.715,0.12108382726502964
2037,0.715,0.1211864406779661
2038,0.715,0.12128922815945717
2039,0.715,0.12139219015280135
2040,0.715,0.12149532710280374
2041,0.715,0.12159863945578231
2042,0.715,0.12170212765957447
2043,0.715,0.12180579216354344
2044,0.715,0.12190963341858482
2045,0.715,0.1220136518771331
2046,0.715,0.12211784799316823
2047,0.715,0.12222222222222222
2048,0.715,0.1223267750213858
2049,0.715,0.12243150684931507
2050,0.715,0.12253641816623821
2051,0.715,0.12264150943396226
2052,0.715,0.12274678111587983
2053,0.71,0.12199312714776632
2054,0.71,0.12209802235597593
2055,0.71,0.12220309810671257
2056,0.71,0.1223083548664944
2057,0.71,0.12241379310344827
2058,0.71,0.1226252158894646
2059,0.71,0.12347826086956522
2060,0.71,0.12358572671888599
2061,0.71,0.12369337979094076
2062,0.71,0.12380122057541412
2063,0.71,0.12390924956369982
2064,0.71,0.1240174672489083
2065,0.71,0.12412587412587413
2066,0.71,0.1242344706911636
2067,0.71,0.1243432574430823
2068,0.71,0.12445223488168274
2069,0.71,0.12467076382791922
2070,0.71,0.12478031634446397
2071,0.71,0.1248900615655233
2072,0.71,0.125
2073,0.71,0.12511013215859032
2074,0.705,0.12433862433862433
2075,0.705,0.12444836716681378
2076,0.705,0.12455830388692579
2077,0.705,0.1246684350132626
2078,0.705,0.12477876106194691
2079,0.705,0.12488928255093003
2080,0.705,0.125
2081,0.705,0.1251109139307897
2082,0.705,0.12522202486678508
2083,0.705,0.12533333333333332
2084,0.705,0.12544483985765126
2085,0.705,0.12555654496883348
2086,0.705,0.12566844919786097
2087,0.705,0.12578055307760927
2088,0.705,0.12589285714285714
2089,0.705,0.1260053619302949
2090,0.705,0.1261180679785331
2091,0.705,0.12623097582811102
2092,0.705,0.12634408602150538
2093,0.705,0.12645739910313902
2094,0.705,0.12657091561938957
2095,0.705,0.12668463611859837
2096,0.705,0.12679856115107913
2097,0.705,0.1269126912691269
2098,0.705,0.12702702702702703
2099,0.705,0.12714156898106402
2100,0.705,0.1272563176895307
2101,0.705,0.12737127371273713
2102,0.705,0.1274864376130199
2103,0.705,0.12760180995475112
2104,0.705,0.12771739130434784
2105,0.705,0.12783318223028106
2106,0.705,0.1279491833030853
2107,0.705,0.12806539509536785
2108,0.705,0.12818181818181817
2109,0.705,0.12829845313921748
2110,0.705,0.1284153005464481
2111,0.705,0.12853236098450319
2112,0.705,0.12864963503649635
2113,0.705,0.12876712328767123
2114,0.705,0.12888482632541134
2115,0.705,0.12900274473924978
2116,0.705,0.12912087912087913
2117,0.705,0.12923923006416133
2118,0.7,0.12844036697247707
2119,0.7,0.1285583103764922
2120,0.7,0.12867647058823528
2121,0.7,0.12879484820607176
2122,0.7,0.1289134438305709
2123,0.695,0.12811059907834102
2124,0.695,0.1282287822878229
2125,0.695,0.1283471837488458
2126,0.695,0.12846580406654343
2127,0.695,0.12858464384828863
2128,0.695,0.1287037037037037
2129,0.695,0.12882298424467098
2130,0.695,0.12894248608534323
2131,0.695,0.12906220984215414
2132,0.695,0.129182156133829
2133,0.695,0.12930232558139534
2134,0.695,0.12942271880819367
2135,0.69,0.12861136999068035
2136,0.69,0.1287313432835821
2137,0.69,0.12885154061624648
2138,0.69,0.12897196261682242
2139,0.69,0.12909260991580918
2140,0.69,0.12921348314606743
2141,0.69,0.12933458294283037
2142,0.69,0.1294559099437148
2143,0.69,0.1295774647887324
2144,0.69,0.12969924812030076
2145,0.69,0.12982126058325494
2146,0.69,0.12994350282485875
2147,0.69,0.13006597549481622
2148,0.69,0.13018867924528302
2149,0.69,0.13031161473087818
2150,0.69,0.13043478260869565
2151,0.69,0.130558183538316
2152,0.69,0.13068181818181818
2153,0.69,0.13080568720379146
2154,0.69,0.13092979127134724
2155,0.69,0.13105413105413105
2156,0.69,0.1311787072243346
2157,0.69,0.1313035204567079
2158,0.69,0.13142857142857142
2159,0.69,0.1315538608198284
2160,0.69,0.1316793893129771
2161,0.69,0.1318051575931232
2162,0.69,0.13193116634799235
2163,0.69,0.1320574162679426
2164,0.69,0.13218390804597702
2165,0.69,0.13231064237775647
2166,0.69,0.1324376199616123
2167,0.69,0.13256484149855907
2168,0.69,0.1326923076923077
2169,0.69,0.13282001924927817
2170,0.69,0.1329479768786127
2171,0.69,0.133076181292189
2172,0.69,0.13320463320463322
2173,0.69,0.13346228239845262
2174,0.69,0.1335914811229429
2175,0.69,0.13372093023255813
2176,0.69,0.1338506304558681
2177,0.69,0.13398058252427184
2178,0.69,0.13411078717201166
2179,0.69,0.13424124513618677
2180,0.69,0.13437195715676728
2181,0.69,0.13450292397660818
2182,0.69,0.13463414634146342
2183,0.69,0.134765625
2184,0.685,0.13391984359726294
2185,0.685,0.13405088062622308
2186,0.685,0.13418217433888344
2187,0.685,0.13431372549019607
2188,0.685,0.13444553483807656
2189,0.685,0.13457760314341846
2190,0.685,0.13470993117010815
2191,0.685,0.13484251968503938
2192,0.685,0.13497536945812807
2193,0.685,0.1351084812623274
2194,0.685,0.13524185587364265
2195,0.685,0.13537549407114624
2196,0.685,0.13550939663699307
2197,0.685,0.13564356435643565
2198,0.685,0.13577799801783944
2199,0.685,0.1359126984126984
2200,0.68,0.13505461767626614
2201,0.68,0.13518886679920478
2202,0.68,0.13532338308457711
2203,0.68,0.13545816733067728
2204,0.68,0.13559322033898305
2205,0.68,0.13572854291417166
2206,0.68,0.13586413586413587
2207,0.68,0.136
2208,0.68,0.13613613613613615
2209,0.68,0.13627254509018036
2210,0.68,0.13640922768304914
2211,0.68,0.13654618473895583
2212,0.68,0.13668341708542714
2213,0.68,0.13682092555331993
2214,0.68,0.13695871097683787
2215,0.68,0.13709677419354838
2216,0.68,0.13723511604439959
2217,0.68,0.13737373737373737
2218,0.68,0.13751263902932254
2219,0.68,0.13765182186234817
2220,0.68,0.13779128672745694
2221,0.68,0.13793103448275862
2222,0.68,0.13807106598984772
2223,0.68,0.13821138211382114
2224,0.68,0.13835198372329605
2225,0.68,0.1384928716904277
2226,0.68,0.13863404689092762
2227,0.68,0.13877551020408163
2228,0.68,0.13891726251276812
2229,0.68,0.1390593047034765
2230,0.68,0.13920163766632548
2231,0.68,0.13934426229508196
2232,0.68,0.13948717948717948
2233,0.68,0.13963039014373715
2234,0.68,0.1397738951695786
2235,0.68,0.13991769547325103
2236,0.68,0.1400617919670443
2237,0.68,0.1402061855670103
2238,0.68,0.14035087719298245
2239,0.68,0.14049586776859505
2240,0.675,0.13960703205791106
2241,0.67,0.13871635610766045
2242,0.67,0.138860103626943
2243,0.67,0.13900414937759337
2244,0.67,0.1391484942886812
2245,0.67,0.1392931392931393
2246,0.67,0.13943808532778357
2247,0.67,0.13958333333333334
2248,0.67,0.1397288842544317
2249,0.67,0.13987473903966596
2250,0.67,0.1400208986415883
2251,0.67,0.1401673640167364
2252,0.67,0.14031413612565444
2253,0.67,0.14046121593291405
2254,0.67,0.14060860440713535
2255,0.67,0.1407563025210084
2256,0.67,0.14090431125131442
2257,0.67,0.14105263157894737
2258,0.67,0.14120126448893572
2259,0.67,0.14135021097046413
2260,0.67,0.14149947201689547
2261,0.67,0.1416490486257928
2262,0.67,0.14179894179894179
2263,0.67,0.1419491525423729
2264,0.67,0.1420996818663839
2265,0.67,0.14225053078556263
2266,0.67,0.14240170031880978
2267,0.67,0.1425531914893617
2268,0.67,0.14270500532481364
2269,0.67,0.14285714285714285
2270,0.67,0.14300960512273211
2271,0.67,0.14316239316239315
2272,0.67,0.14331550802139037
2273,0.67,0.14346895074946467
2274,0.67,0.14362272240085744
2275,0.67,0.14377682403433475
2276,0.67,0.1439312567132116
2277,0.67,0.14408602150537633
2278,0.665,0.14316469321851452
2279,0.665,0.14331896551724138
2280,0.665,0.14347357065803668
2281,0.665,0.1437837837837838
2282,0.665,0.14393939393939395
2283,0.665,0.14409534127843987
2284,0.665,0.1442516268980477
2285,0.665,0.1444082519001086
2286,0.665,0.14456521739130435
2287,0.665,0.14472252448313383
2288,0.665,0.144880174291939
2289,0.665,0.1450381679389313
2290,0.665,0.14519650655021835
2291,0.665,0.1453551912568306
2292,0.665,0.14551422319474835
2293,0.665,0.1456736035049288
2294,0.665,0.14583333333333334
2295,0.665,0.145993413830955
2296,0.665,0.14615384615384616
2297,0.665,0.14631463146314633
2298,0.665,0.14647577092511013
2299,0.665,0.1466372657111356
2300,0.665,0.1467991169977925
2301,0.665,0.14696132596685083
2302,0.665,0.14712389380530974
2303,0.665,0.14728682170542637
2304,0.665,0.14745011086474502
2305,0.665,0.14761376248612654
2306,0.665,0.14777777777777779
2307,0.665,0.14794215795328142
2308,0.665,0.14810690423162584
2309,0.665,0.14827201783723523
2310,0.665,0.1484375
2311,0.665,0.149438202247191
2312,0.665,0.14960629921259844
2313,0.665,0.14977477477477477
2314,0.665,0.14994363021420518
2315,0.665,0.15011286681715574
2316,0.665,0.15028248587570622
2317,0.66,0.1493212669683258
2318,0.66,0.14949037372593432
2319,0.66,0.14965986394557823
2320,0.66,0.14982973893303064
2321,0.655,0.14886363636363636
2322,0.655,0.149032992036405
2323,0.655,0.1492027334851936
2324,0.655,0.14937286202964653
2325,0.655,0.1495433789954338
2326,0.655,0.14971428571428572
2327,0.655,0.14988558352402745
2328,0.655,0.15005727376861397
2329,0.655,0.15022935779816513
2330,0.655,0.15040183696900114
2331,0.655,0.15057471264367817
2332,0.655,0.15074798619102417
2333,0.65,0.1497695852534562
2334,0.65,0.14994232987312572
2335,0.65,0.15011547344110854
2336,0.65,0.15028901734104047
2337,0.65,0.15063731170336037
2338,0.65,0.15081206496519722
2339,0.65,0.15098722415795587
2340,0.65,0.1511627906976744
2341,0.65,0.15133876600698487
2342,0.65,0.15151515151515152
2343,0.65,0.1516919486581097
2344,0.65,0.15186915887850466
2345,0.65,0.15204678362573099
2346,0.645,0.15467625899280577
2347,0.645,0.15486194477791115
2348,0.645,0.15504807692307693
2349,0.645,0.1552346570397112
2350,0.645,0.15542168674698795
2351,0.645,0.15560916767189384
2352,0.645,0.15579710144927536
2353,0.645,0.15598548972188633
2354,0.64,0.1549636803874092
2355,0.64,0.15515151515151515
2356,0.64,0.1553398058252427
2357,0.64,0.15552855407047386
2358,0.64,0.15571776155717762
2359,0.64,0.1559074299634592
2360,0.64,0.15609756097560976
2361,0.64,0.1562881562881563
2362,0.64,0.15647921760391198
2363,0.64,0.15667074663402691
2364,0.64,0.1568627450980392
2365,0.64,0.1570552147239264
2366,0.64,0.15724815724815724
2367,0.64,0.15744157441574416
2368,0.64,0.15763546798029557
2369,0.64,0.15782983970406905
2370,0.64,0.1580246913580247
2371,0.64,0.15822002472187885
2372,0.64,0.15861214374225527
2373,0.635,0.1575682382133995
2374,0.635,0.1577639751552795
2375,0.635,0.15796019900497513
2376,0.635,0.1581569115815691
2377,0.635,0.15835411471321695
2378,0.63,0.15730337078651685
2379,0.63,0.1575
2380,0.63,0.15769712140175218
2381,0.63,0.15789473684210525
2382,0.63,0.15809284818067754
2383,0.625,0.157035175879397
2384,0.625,0.15723270440251572
2385,0.625,0.1574307304785894
2386,0.625,0.15762925598991173
2387,0.625,0.15782828282828282
2388,0.625,0.15802781289506954
2389,0.625,0.15822784810126583
2390,0.625,0.15842839036755388
2391,0.625,0.15862944162436549
2392,0.625,0.1588310038119441
2393,0.625,0.15903307888040713
2394,0.625,0.1592356687898089
2395,0.625,0.15943877551020408
2396,0.625,0.15964240102171137
2397,0.625,0.159846547314578
2398,0.625,0.16005121638924455
2399,0.625,0.16025641025641027
2400,0.625,0.16046213093709885
2401,0.625,0.16066838046272494
2402,0.625,0.16087516087516088
2403,0.625,0.16108247422680413
2404,0.625,0.16129032258064516
2405,0.625,0.16149870801033592
2406,0.625,0.16170763260025872
2407,0.625,0.16191709844559585
2408,0.625,0.1621271076523995
2409,0.625,0.16233766233766234
2410,0.625,0.1625487646293888
2411,0.625,0.16276041666666666
2412,0.625,0.16297262059973924
2413,0.625,0.16318537859007834
2414,0.625,0.16339869281045752
2415,0.625,0.16361256544502617
2416,0.625,0.16382699868938402
2417,0.625,0.16404199475065617
2418,0.625,0.164257555847569
2419,0.625,0.16447368421052633
2420,0.625,0.16469038208168643
2421,0.625,0.16490765171503957
2422,0.625,0.16512549537648613
2423,0.62,0.164021164021164
2424,0.62,0.16423841059602648
2425,0.62,0.16445623342175067
2426,0.62,0.1646746347941567
2427,0.615,0.16356382978723405
2428,0.615,0.16378162450066577
2429,0.615,0.164
2430,0.61,0.1628838451268358
2431,0.61,0.16310160427807488
2432,0.61,0.16331994645247658
2433,0.61,0.16353887399463807
2434,0.61,0.16375838926174496
2435,0.605,0.16263440860215053
2436,0.6,0.16172506738544473
2437,0.6,0.16194331983805668
2438,0.6,0.16216216216216217
2439,0.6,0.16238159675236807
2440,0.6,0.16260162601626016
2441,0.6,0.1628222523744912
2442,0.6,0.16304347826086957
2443,0.6,0.16326530612244897
2444,0.6,0.16348773841961853
2445,0.6,0.16371077762619374
2446,0.6,0.16393442622950818
2447,0.6,0.16415868673050615
2448,0.6,0.1643835616438356
2449,0.6,0.1646090534979424
2450,0.6,0.16483516483516483
2451,0.6,0.16506189821182943
2452,0.6,0.1652892561983471
2453,0.595,0.16413793103448276
2454,0.59,0.16298342541436464
2455,0.59,0.1632088520055325
2456,0.59,0.1634349030470914
2457,0.59,0.1636615811373093
2458,0.59,0.1638888888888889
2459,0.585,0.1627260083449235
2460,0.585,0.16295264623955433
2461,0.585,0.16317991631799164
2462,0.585,0.1634078212290503
2463,0.585,0.16363636363636364
2464,0.585,0.1638655462184874
2465,0.585,0.1640953716690042
2466,0.585,0.16432584269662923
2467,0.585,0.16455696202531644
2468,0.585,0.1647887323943662
2469,0.585,0.16502115655853314
2470,0.585,0.16572237960339944
2471,0.58,0.16453900709219857
2472,0.58,0.16477272727272727
2473,0.58,0.16500711237553342
2474,0.58,0.16524216524216523
2475,0.58,0.16547788873038516
2476,0.58,0.1657142857142857
2477,0.58,0.1659513590844063
2478,0.58,0.166189111747851
2479,0.58,0.16642754662840745
2480,0.58,0.16666666666666666
2481,0.575,0.16546762589928057
2482,0.575,0.16570605187319884
2483,0.575,0.16594516594516595
2484,0.575,0.16618497109826588
2485,0.575,0.16642547033285093
2486,0.575,0.16666666666666666
2487,0.575,0.16690856313497823
2488,0.575,0.16715116279069767
2489,0.57,0.16593886462882096
2490,0.57,0.16642335766423358
2491,0.57,0.16666666666666666
2492,0.57,0.16691068814055637
2493,0.57,0.16715542521994134
2494,0.57,0.16740088105726872
2495,0.57,0.1676470588235294
2496,0.57,0.16789396170839468
2497,0.57,0.168141592920354
2498,0.57,0.16838995568685378
2499,0.57,0.1688888888888889
2500,0.57,0.16913946587537093
2501,0.57,0.16939078751857356
2502,0.57,0.16964285714285715
2503,0.57,0.16989567809239942
2504,0.57,0.1701492537313433
2505,0.57,0.17040358744394618
2506,0.57,0.17065868263473055
2507,0.565,0.16941529235382308
2508,0.565,0.16966966966966968
2509,0.565,0.1699248120300752
2510,0.565,0.17018072289156627
2511,0.565,0.17043740573152338
2512,0.565,0.17069486404833836
2513,0.565,0.17095310136157338
2514,0.565,0.1712121212121212
2515,0.565,0.17147192716236723
2516,0.565,0.1717325227963526
2517,0.565,0.1719939117199391
2518,0.565,0.1722560975609756
2519,0.565,0.17251908396946564
2520,0.565,0.172782874617737
2521,0.565,0.17304747320061256
2522,0.565,0.17331288343558282
2523,0.565,0.17357910906298002
2524,0.565,0.17384615384615384
2525,0.565,0.17411402157164868
2526,0.565,0.1743827160493827
2527,0.565,0.17465224111282843
2528,0.565,0.17492260061919504
2529,0.565,0.17519379844961241
2530,0.565,0.17546583850931677
2531,0.565,0.17573872472783825
2532,0.565,0.17601246105919002
2533,0.565,0.17628705148205928
2534,0.565,0.1765625
2535,0.565,0.17683881064162754
2536,0.565,0.17711598746081506
2537,0.565,0.17739403453689168
2538,0.565,0.17767295597484276
2539,0.565,0.17795275590551182
2540,0.565,0.17823343848580442
2541,0.565,0.17851500789889416
2542,0.565,0.1787974683544304
2543,0.56,0.1774960380348653
2544,0.56,0.17777777777777778
2545,0.555,0.17647058823529413
2546,0.555,0.1767515923566879
2547,0.555,0.17703349282296652
2548,0.555,0.17731629392971246
2549,0.555,0.1776
2550,0.55,0.1762820512820513
2551,0.55,0.17656500802568217
2552,0.55,0.17684887459807075
2553,0.55,0.17713365539452497
2554,0.545,0.17580645161290323
2555,0.545,0.17609046849757673
2556,0.545,0.17637540453074432
2557,0.545,0.1766612641815235
2558,0.545,0.17694805194805194
2559,0.545,0.1772357723577236
2560,0.545,0.1775244299674267
2561,0.545,0.17781402936378465
2562,0.545,0.1781045751633987
2563,0.545,0.1783960720130933
2564,0.54,0.17704918032786884
2565,0.54,0.17733990147783252
2566,0.54,0.17763157894736842
2567,0.54,0.17792421746293247
2568,0.54,0.1782178217821782
2569,0.54,0.17851239669421487
2570,0.54,0.17880794701986755
2571,0.54,0.1791044776119403
2572,0.54,0.17940199335548174
2573,0.54,0.17970049916805325
2574,0.54,0.18
2575,0.54,0.18030050083472454
2576,0.54,0.1806020066889632
2577,0.54,0.18090452261306533
2578,0.54,0.18120805369127516
2579,0.54,0.1815126050420168
2580,0.535,0.18013468013468015
2581,0.535,0.18043844856661045
2582,0.535,0.18074324324324326
2583,0.535,0.18104906937394247
2584,0.53,0.17966101694915254
2585,0.53,0.1799660441426146
2586,0.53,0.18027210884353742
2587,0.53,0.18057921635434412
2588,0.53,0.18088737201365188
2589,0.53,0.1811965811965812
2590,0.53,0.1815068493150685
2591,0.53,0.18181818181818182
2592,0.53,0.18213058419243985
2593,0.53,0.18244406196213425
2594,0.53,0.18275862068965518
2595,0.53,0.18307426597582038
2596,0.525,0.18166089965397925
2597,0.525,0.18197573656845753
2598,0.525,0.18229166666666666
2599,0.525,0.1826086956521739
2600,0.525,0.18292682926829268
2601,0.525,0.18324607329842932
2602,0.525,0.18356643356643357
2603,0.525,0.18388791593695272
2604,0.52,0.1824561403508772
2605,0.52,0.1827768014059754
2606,0.52,0.18309859154929578
2607,0.52,0.18342151675485008
2608,0.52,0.18374558303886926
2609,0.52,0.184070796460177
2610,0.52,0.18439716312056736
2611,0.52,0.1847246891651865
2612,0.52,0.18505338078291814
2613,0.52,0.18538324420677363
2614,0.52,0.18571428571428572
2615,0.52,0.18604651162790697
2616,0.52,0.1863799283154122
2617,0.52,0.1867145421903052
2618,0.52,0.18705035971223022
2619,0.52,0.1873873873873874
2620,0.52,0.18772563176895307
2621,0.52,0.18806509945750452
2622,0.52,0.18840579710144928
2623,0.52,0.18874773139745918
2624,0.52,0.1890909090909091
2625,0.52,0.1894353369763206
2626,0.52,0.1897810218978102
2627,0.52,0.19012797074954296
2628,0.515,0.18864468864468864
2629,0.51,0.1871559633027523
2630,0.51,0.1875
2631,0.51,0.1878453038674033
2632,0.505,0.1863468634686347
2633,0.505,0.1866913123844732
2634,0.505,0.18703703703703703
2635,0.505,0.18738404452690166
2636,0.5,0.18587360594795538
2637,0.495,0.18435754189944134
2638,0.495,0.18470149253731344
2639,0.495,0.18504672897196262
2640,0.495,0.1853932584269663
2641,0.495,0.18574108818011256
2642,0.495,0.18609022556390978
2643,0.495,0.1864406779661017
2644,0.495,0.18679245283018867
2645,0.495,0.18714555765595464
2646,0.495,0.1875
2647,0.495,0.18785578747628084
2648,0.495,0.188212927756654
2649,0.495,0.18857142857142858
2650,0.495,0.18893129770992367
2651,0.495,0.18929254302103252
2652,0.495,0.1896551724137931
2653,0.495,0.19001919385796545
2654,0.495,0.19038461538461537
2655,0.495,0.1907514450867052
2656,0.495,0.19111969111969113
2657,0.495,0.19148936170212766
2658,0.495,0.19186046511627908
2659,0.495,0.19223300970873786
2660,0.495,0.1926070038910506
2661,0.495,0.19298245614035087
2662,0.495,0.193359375
2663,0.495,0.19373776908023482
2664,0.495,0.19411764705882353
2665,0.495,0.1944990176817289
2666,0.495,0.19488188976377951
2667,0.495,0.1952662721893491
2668,0.495,0.1956521739130435
2669,0.495,0.19603960396039605
2670,0.495,0.19642857142857142
2671,0.495,0.19681908548707752
2672,0.495,0.19721115537848605
2673,0.495,0.19760479041916168
2674,0.49,0.196
2675,0.49,0.1963927855711423
2676,0.49,0.19678714859437751
2677,0.49,0.19718309859154928
2678,0.49,0.1975806451612903
2679,0.49,0.19797979797979798
2680,0.49,0.19838056680161945
2681,0.49,0.19878296146044624
2682,0.49,0.1991869918699187
2683,0.49,0.19959266802443992
2684,0.49,0.2
2685,0.49,0.20040899795501022
2686,0.49,0.20081967213114754
2687,0.49,0.20123203285420946
2688,0.49,0.20164609053497942
2689,0.49,0.2020618556701031
2690,0.49,0.2024793388429752
2691,0.49,0.2028985507246377
2692,0.49,0.2033195020746888
2693,0.49,0.20374220374220375
2694,0.49,0.20416666666666666
2695,0.49,0.2045929018789144
2696,0.49,0.20502092050209206
2697,0.49,0.20545073375262055
2698,0.49,0.20588235294117646
2699,0.485,0.20421052631578948
2700,0.485,0.20464135021097046
2701,0.485,0.20507399577167018
2702,0.485,0.2055084745762712
2703,0.485,0.2059447983014862
2704,0.485,0.20638297872340425
2705,0.48,0.2046908315565032
2706,0.48,0.20512820512820512
2707,0.48,0.20556745182012848
2708,0.48,0.20600858369098712
2709,0.48,0.2064516129032258
2710,0.48,0.20689655172413793
2711,0.48,0.20734341252699784
2712,0.48,0.2077922077922078
2713,0.48,0.20824295010845986
2714,0.48,0.20869565217391303
2715,0.48,0.20915032679738563
2716,0.48,0.2096069868995633
2717,0.48,0.2100656455142232
2718,0.48,0.21052631578947367
2719,0.48,0.210989010989011
2720,0.48,0.21145374449339208
2721,0.475,0.2097130242825607
2722,0.475,0.21017699115044247
2723,0.475,0.2106430155210643
2724,0.475,0.2111111111111111
2725,0.475,0.21158129175946547
2726,0.475,0.21205357142857142
2727,0.475,0.21252796420581654
2728,0.47,0.21076233183856502
2729,0.465,0.20898876404494382
2730,0.465,0.20945945945945946
2731,0.46,0.2076749435665914
2732,0.455,0.20588235294117646
2733,0.455,0.20634920634920634
2734,0.455,0.20681818181818182
2735,0.455,0.2072892938496583
2736,0.455,0.20776255707762556
2737,0.455,0.20823798627002288
2738,0.455,0.20871559633027523
2739,0.455,0.20919540229885059
2740,0.455,0.20967741935483872
2741,0.455,0.21016166281755197
2742,0.455,0.21064814814814814
2743,0.455,0.2111368909512761
2744,0.455,0.2116279069767442
2745,0.45,0.2097902097902098
2746,0.445,0.20794392523364486
2747,0.445,0.20843091334894615
2748,0.445,0.20892018779342722
2749,0.445,0.20941176470588235
2750,0.445,0.2099056603773585
2751,0.445,0.21040189125295508
2752,0.445,0.2109004739336493
2753,0.445,0.21140142517814728
2754,0.445,0.2119047619047619
2755,0.445,0.21241050119331742
2756,0.445,0.21291866028708134
2757,0.445,0.21342925659472423
2758,0.445,0.21394230769230768
2759,0.445,0.21445783132530122
2760,0.445,0.21497584541062803
2761,0.445,0.21549636803874092
2762,0.445,0.21601941747572814
2763,0.445,0.21654501216545013
2764,0.445,0.21707317073170732
2765,0.445,0.2176039119804401
2766,0.445,0.2181372549019608
2767,0.445,0.21867321867321868
2768,0.445,0.21921182266009853
2769,0.445,0.21975308641975308
2770,0.445,0.2202970297029703
2771,0.445,0.22084367245657568
2772,0.445,0.22139303482587064
2773,0.445,0.22194513715710723
2774,0.44,0.22
2775,0.44,0.22055137844611528
2776,0.44,0.22110552763819097
2777,0.44,0.2216624685138539
2778,0.44,0.2222222222222222
2779,0.44,0.22278481012658227
2780,0.44,0.2233502538071066
2781,0.44,0.22391857506361323
2782,0.44,0.22448979591836735
2783,0.44,0.22506393861892582
2784,0.44,0.22564102564102564
2785,0.44,0.2262210796915167
2786,0.44,0.2268041237113402
2787,0.44,0.22739018087855298
2788,0.44,0.22797927461139897
2789,0.44,0.22857142857142856
2790,0.435,0.2265625
2791,0.435,0.22715404699738903
2792,0.435,0.22774869109947643
2793,0.435,0.2283464566929134
2794,0.435,0.22894736842105262
2795,0.435,0.22955145118733508
2796,0.435,0.23015873015873015
2797,0.435,0.23076923076923078
2798,0.435,0.23138297872340424
2799,0.435,0.232
2800,0.43,0.22994652406417113
2801,0.425,0.22788203753351208
2802,0.425,0.22849462365591397
2803,0.42,0.22641509433962265
2804,0.415,0.22432432432432434
2805,0.415,0.22493224932249323
2806,0.415,0.22554347826086957
2807,0.415,0.22615803814713897
2808,0.415,0.226775956284153
2809,0.415,0.2273972602739726
2810,0.41,0.22527472527472528
2811,0.41,0.22589531680440772
2812,0.41,0.2265193370165746
2813,0.41,0.22714681440443213
2814,0.41,0.22777777777777777
2815,0.41,0.22841225626740946
2816,0.41,0.22905027932960895
2817,0.41,0.22969187675070027
2818,0.41,0.2303370786516854
2819,0.41,0.23098591549295774
2820,0.41,0.23163841807909605
2821,0.41,0.23295454545454544
2822,0.41,0.2336182336182336
2823,0.41,0.2342857142857143
2824,0.41,0.2349570200573066
2825,0.41,0.23563218390804597
2826,0.405,0.2334293948126801
2827,0.4,0.23121387283236994
2828,0.395,0.2289855072463768
2829,0.395,0.22965116279069767
2830,0.395,0.2303206997084548
2831,0.395,0.2309941520467836
2832,0.395,0.2316715542521994
2833,0.395,0.2323529411764706
2834,0.395,0.23303834808259588
2835,0.395,0.23372781065088757
2836,0.395,0.2344213649851632
2837,0.39,0.23214285714285715
2838,0.39,0.23283582089552238
2839,0.39,0.23353293413173654
2840,0.39,0.23423423423423423
2841,0.39,0.23493975903614459
2842,0.39,0.23564954682779457
2843,0.39,0.23636363636363636
2844,0.39,0.23708206686930092
2845,0.385,0.2347560975609756
2846,0.385,0.23547400611620795
2847,0.38,0.2331288343558282
2848,0.375,0.23076923076923078
2849,0.375,0.23148148148148148
2850,0.375,0.23219814241486067
2851,0.375,0.2329192546583851
2852,0.375,0.2336448598130841
2853,0.375,0.234375
2854,0.375,0.23510971786833856
2855,0.375,0.2358490566037736
2856,0.375,0.23659305993690852
2857,0.375,0.23734177215189872
2858,0.375,0.23809523809523808
2859,0.375,0.23885350318471338
2860,0.375,0.23961661341853036
2861,0.375,0.2403846153846154
2862,0.375,0.24115755627009647
2863,0.375,0.24193548387096775
2864,0.375,0.24271844660194175
2865,0.37,0.24025974025974026
2866,0.365,0.23778501628664495
2867,0.365,0.238562091503268
2868,0.365,0.23934426229508196
2869,0.365,0.24013157894736842
2870,0.365,0.24092409240924093
2871,0.36,0.23841059602649006
2872,0.36,0.23920265780730898
2873,0.36,0.24
2874,0.36,0.2408026755852843
2875,0.36,0.24161073825503357
2876,0.36,0.24242424242424243
2877,0.36,0.24324324324324326
2878,0.36,0.2440677966101695
2879,0.36,0.24489795918367346
2880,0.36,0.24573378839590443
2881,0.36,0.2465753424657534
2882,0.36,0.24742268041237114
2883,0.36,0.2482758620689655
2884,0.36,0.2491349480968858
2885,0.36,0.25
2886,0.36,0.2508710801393728
2887,0.355,0.24825174825174826
2888,0.355,0.24912280701754386
2889,0.355,0.25
2890,0.355,0.2508833922261484
2891,0.355,0.25177304964539005
2892,0.35,0.2491103202846975
2893,0.35,0.25
2894,0.35,0.25089605734767023
2895,0.35,0.2517985611510791
2896,0.35,0.2527075812274368
2897,0.35,0.2536231884057971
2898,0.35,0.2545454545454545
2899,0.35,0.25547445255474455
2900,0.35,0.2564102564102564
2901,0.35,0.25735294117647056
2902,0.35,0.25830258302583026
2903,0.35,0.25925925925925924
2904,0.345,0.25650557620817843
2905,0.34,0.2537313432835821
2906,0.335,0.250936329588015
2907,0.335,0.2518796992481203
2908,0.33,0.2490566037735849
2909,0.33,0.25
2910,0.33,0.2509505703422053
2911,0.33,0.25190839694656486
2912,0.33,0.25287356321839083
2913,0.33,0.25384615384615383
2914,0.33,0.2548262548262548
2915,0.33,0.2558139534883721
2916,0.33,0.25680933852140075
2917,0.33,0.2578125
2918,0.33,0.25882352941176473
2919,0.33,0.25984251968503935
2920,0.33,0.2608695652173913
2921,0.33,0.2619047619047619
2922,0.33,0.26294820717131473
2923,0.325,0.26
2924,0.325,0.26104417670682734
2925,0.325,0.2620967741935484
2926,0.325,0.2631578947368421
2927,0.325,0.26422764227642276
2928,0.325,0.2653061224489796
2929,0.325,0.26639344262295084
2930,0.325,0.2674897119341564
2931,0.325,0.2697095435684647
2932,0.32,0.26666666666666666
2933,0.32,0.26778242677824265
2934,0.32,0.2689075630252101
2935,0.32,0.270042194092827
2936,0.32,0.2711864406779661
2937,0.315,0.2680851063829787
2938,0.315,0.2692307692307692
2939,0.315,0.2703862660944206
2940,0.31,0.2672413793103448
2941,0.31,0.2683982683982684
2942,0.31,0.26956521739130435
2943,0.31,0.27074235807860264
2944,0.31,0.2719298245614035
2945,0.31,0.27312775330396477
2946,0.31,0.2743362831858407
2947,0.31,0.27555555555555555
2948,0.305,0.27232142857142855
2949,0.305,0.273542600896861
2950,0.3,0.2702702702702703
2951,0.3,0.27149321266968324
2952,0.3,0.2727272727272727
2953,0.3,0.273972602739726
2954,0.3,0.27522935779816515
2955,0.3,0.2764976958525346
2956,0.3,0.2777777777777778
2957,0.3,0.27906976744186046
2958,0.295,0.2757009345794392
2959,0.295,0.27699530516431925
2960,0.295,0.2783018867924528
2961,0.29,0.27488151658767773
2962,0.29,0.2761904761904762
2963,0.29,0.27751196172248804
2964,0.29,0.27884615384615385
2965,0.285,0.2753623188405797
2966,0.285,0.2766990291262136
2967,0.28,0.2731707317073171
2968,0.28,0.27450980392156865
2969,0.28,0.27586206896551724
2970,0.275,0.2722772277227723
2971,0.275,0.2736318407960199
2972,0.275,0.275
2973,0.275,0.27638190954773867
2974,0.275,0.2777777777777778
2975,0.27,0.27411167512690354
2976,0.27,0.2755102040816326
2977,0.27,0.27692307692307694
2978,0.27,0.27835051546391754
2979,0.27,0.27979274611398963
2980,0.27,0.28125
2981,0.27,0.28272251308900526
2982,0.265,0.2789473684210526
2983,0.26,0.2751322751322751
2984,0.26,0.2765957446808511
2985,0.26,0.27807486631016043
2986,0.26,0.27956989247311825
2987,0.26,0.2810810810810811
2988,0.26,0.2826086956521739
2989,0.255,0.2786885245901639
2990,0.255,0.2802197802197802
2991,0.255,0.281767955801105
2992,0.255,0.2833333333333333
2993,0.25,0.27932960893854747
2994,0.25,0.2808988764044944
2995,0.25,0.2824858757062147
2996,0.245,0.2784090909090909
2997,0.245,0.28
2998,0.245,0.28160919540229884
2999,0.245,0.2832369942196532
3000,0.245,0.28488372093023256
3001,0.245,0.28654970760233917
3002,0.245,0.28823529411764703
3003,0.245,0.28994082840236685
3004,0.24,0.2857142857142857
3005,0.235,0.281437125748503
3006,0.23,0.27710843373493976
3007,0.23,0.2787878787878788
3008,0.225,0.27439024390243905
3009,0.225,0.27607361963190186
3010,0.22,0.2716049382716049
3011,0.22,0.2732919254658385
3012,0.22,0.275
3013,0.22,0.27672955974842767
3014,0.215,0.2721518987341772
3015,0.21,0.267515923566879
3016,0.21,0.2692307692307692
3017,0.21,0.2709677419354839
3018,0.21,0.2727272727272727
3019,0.21,0.27450980392156865
3020,0.21,0.27631578947368424
3021,0.205,0.271523178807947
3022,0.2,0.26666666666666666
3023,0.2,0.2684563758389262
3024,0.2,0.2702702702702703
3025,0.2,0.272108843537415
3026,0.2,0.273972602739726
3027,0.2,0.27586206896551724
3028,0.2,0.2777777777777778
3029,0.195,0.2727272727272727
3030,0.195,0.2746478873239437
3031,0.195,0.2765957446808511
3032,0.195,0.2785714285714286
3033,0.195,0.2805755395683453
3034,0.195,0.2826086956521739
3035,0.195,0.2846715328467153
3036,0.19,0.27941176470588236
3037,0.185,0.2740740740740741
3038,0.18,0.26865671641791045
3039,0.175,0.2631578947368421
3040,0.175,0.26515151515151514
3041,0.175,0.26717557251908397
3042,0.175,0.2692307692307692
3043,0.17,0.26356589147286824
3044,0.17,0.265625
3045,0.17,0.2677165354330709
3046,0.17,0.2698412698412698
3047,0.165,0.264
3048,0.16,0.25806451612903225
3049,0.16,0.2601626016260163
3050,0.16,0.26229508196721313
3051,0.16,0.2644628099173554
3052,0.155,0.25833333333333336
3053,0.15,0.25210084033613445
3054,0.15,0.2542372881355932
3055,0.145,0.24786324786324787
3056,0.145,0.25
3057,0.145,0.25217391304347825
3058,0.14,0.24561403508771928
3059,0.14,0.24778761061946902
3060,0.135,0.24107142857142858
3061,0.135,0.24324324324324326
3062,0.135,0.24545454545454545
3063,0.135,0.24770642201834864
3064,0.135,0.25
3065,0.135,0.2523364485981308
3066,0.13,0.24528301886792453
3067,0.13,0.24761904761904763
3068,0.13,0.25
3069,0.13,0.2524271844660194
3070,0.13,0.2549019607843137
3071,0.13,0.25742574257425743
3072,0.13,0.26
3073,0.125,0.25252525252525254
3074,0.125,0.25510204081632654
3075,0.125,0.25773195876288657
3076,0.125,0.2604166666666667
3077,0.12,0.25263157894736843
3078,0.12,0.2553191489361702
3079,0.12,0.25806451612903225
3080,0.115,0.25
3081,0.11,0.24175824175824176
3082,0.11,0.24444444444444444
3083,0.11,0.24719101123595505
3084,0.11,0.25
3085,0.11,0.25287356321839083
3086,0.11,0.2558139534883721
3087,0.105,0.24705882352941178
3088,0.105,0.25
3089,0.1,0.24096385542168675
3090,0.1,0.24390243902439024
3091,0.1,0.24691358024691357
3092,0.1,0.25
3093,0.1,0.25316455696202533
3094,0.1,0.2564102564102564
3095,0.1,0.2597402597402597
3096,0.1,0.2631578947368421
3097,0.1,0.26666666666666666
3098,0.1,0.2702702702702703
3099,0.1,0.273972602739726
3100,0.095,0.2638888888888889
3101,0.095,0.2676056338028169
3102,0.095,0.2714285714285714
3103,0.095,0.2753623188405797
3104,0.095,0.27941176470588236
3105,0.09,0.26865671641791045
3106,0.085,0.25757575757575757
3107,0.085,0.26153846153846155
3108,0.085,0.265625
3109,0.085,0.2698412698412698
3110,0.08,0.25806451612903225
3111,0.075,0.2459016393442623
3112,0.07,0.23333333333333334
3113,0.07,0.23728813559322035
3114,0.07,0.2413793103448276
3115,0.07,0.24561403508771928
3116,0.07,0.25
3117,0.07,0.2545454545454545
3118,0.065,0.24074074074074073
3119,0.065,0.24528301886792453
3120,0.065,0.25
3121,0.065,0.2549019607843137
3122,0.065,0.26
3123,0.065,0.2653061224489796
3124,0.065,0.2708333333333333
3125,0.065,0.2765957446808511
3126,0.065,0.2826086956521739
3127,0.065,0.28888888888888886
3128,0.065,0.29545454545454547
3129,0.065,0.3023255813953488
3130,0.06,0.2857142857142857
3131,0.055,0.2682926829268293
3132,0.055,0.275
3133,0.05,0.2564102564102564
3134,0.05,0.2631578947368421
3135,0.045,0.24324324324324326
3136,0.045,0.25
3137,0.045,0.2571428571428571
3138,0.04,0.23529411764705882
3139,0.04,0.24242424242424243
3140,0.04,0.25
3141,0.04,0.25806451612903225
3142,0.04,0.26666666666666666
3143,0.04,0.27586206896551724
3144,0.04,0.2857142857142857
3145,0.04,0.2962962962962963
3146,0.035,0.2692307692307692
3147,0.035,0.28
3148,0.035,0.2916666666666667
3149,0.03,0.2608695652173913
3150,0.03,0.2727272727272727
3151,0.025,0.23809523809523808
3152,0.025,0.25
3153,0.025,0.2631578947368421
3154,0.02,0.2222222222222222
3155,0.02,0.23529411764705882
3156,0.02,0.25
3157,0.02,0.26666666666666666
3158,0.02,0.2857142857142857
3159,0.02,0.3076923076923077
3160,0.015,0.25
3161,0.015,0.2727272727272727
3162,0.015,0.3
3163,0.015,0.3333333333333333
3164,0.015,0.375
3165,0.01,0.2857142857142857
3166,0.01,0.3333333333333333
3167,0.01,0.4
3168,0.005,0.25
3169,0.0,0.0
3170,0.0,0.0
3171,0.0,0.0
3172,0.0,1.0
